 Container offload-kafka-backup-run-eac235ac1dc9 Creating 
 Container offload-kafka-backup-run-eac235ac1dc9 Created 
[2m2026-09-15T16:47:29.184582Z[0m [32m INFO[0m [2mkafka_backup::commands::backup[0m[2m:[0m Loading configuration from: /evidence/100g-20260915T164407Z/configs/backup-primary.yaml
[2m2026-09-15T16:47:29.186302Z[0m [32m INFO[0m [2mkafka_backup::commands::backup[0m[2m:[0m Starting backup: device-telemetry
[2m2026-09-15T16:47:29.186712Z[0m [32m INFO[0m [2mkafka_backup_core::metrics::server[0m[2m:[0m Metrics server listening on http://0.0.0.0:8080
[2m2026-09-15T16:47:29.190271Z[0m [32m INFO[0m [2mkafka_backup_core::kafka::partition_router[0m[2m:[0m Refreshed metadata: 1 brokers, 59 partition leaders
[2m2026-09-15T16:47:29.215551Z[0m [32m INFO[0m [2mkafka_backup_core::storage::s3[0m[2m:[0m Created S3 backend for bucket: kafka-backups, prefix: Some("backups")
[2m2026-09-15T16:47:29.215611Z[0m [32m INFO[0m [2mkafka_backup_core::circuit_breaker[0m[2m:[0m Created circuit breaker: kafka
[2m2026-09-15T16:47:29.215634Z[0m [32m INFO[0m [2mkafka_backup_core::circuit_breaker[0m[2m:[0m Created circuit breaker: storage
[2m2026-09-15T16:47:29.220112Z[0m [32m INFO[0m [2mkafka_backup_core::backup::engine[0m[2m:[0m Connected to Kafka cluster via partition leader router
[2m2026-09-15T16:47:29.229101Z[0m [32m INFO[0m [2mkafka_backup_core::offset_store::sqlite[0m[2m:[0m Synced offset database to storage: device-telemetry/offsets.db
[2m2026-09-15T16:47:29.229117Z[0m [32m INFO[0m [2mkafka_backup_core::backup::engine[0m[2m:[0m Backup engine starting with max_concurrent_partitions=8, poll_interval_ms=100
[2m2026-09-15T16:47:29.229121Z[0m [32m INFO[0m [2mkafka_backup_core::backup::engine[0m[2m:[0m include_offset_headers=true (default): every archived record gets x-original-offset and x-original-timestamp and x-source-cluster=local-cp-server headers for header-based consumer offset recovery; set backup.include_offset_headers: false for a header-for-header identical archive, or restore.strip_offset_headers: true to drop them at restore time
[2m2026-09-15T16:47:29.230181Z[0m [32m INFO[0m [2mkafka_backup_core::backup::engine[0m[2m:[0m Backing up 1 topics
[2m2026-09-15T16:47:29.232457Z[0m [32m INFO[0m [2mkafka_backup_core::backup::engine[0m[2m:[0m Snapshot mode: capturing offsets for 1 topics
[2m2026-09-15T16:47:29.237523Z[0m [32m INFO[0m [2mkafka_backup_core::backup::engine[0m[2m:[0m snapshot_capture_complete: 6 partitions in 5ms (53687091 records to back up this run, 53687091 in the captured offset range, 0 partitions resuming from a checkpoint)
[2m2026-09-15T16:47:29.240630Z[0m [32m INFO[0m [2mkafka_backup_core::backup::engine[0m[2m:[0m Spawned 6 backup tasks (max 8 concurrent)
[2m2026-09-15T16:47:29.966876Z[0m [32m INFO[0m [2mkafka_backup_core::segment::writer[0m[2m:[0m Wrote segment device-telemetry/topics/device-telemetry/partition=0/segment-00000000000000000000.bin.zst with 64673 records (134219115 -> 52017392 bytes, 2.6x compression)
[2m2026-09-15T16:47:29.967794Z[0m [32m INFO[0m [2mkafka_backup_core::segment::writer[0m[2m:[0m Wrote segment device-telemetry/topics/device-telemetry/partition=5/segment-00000000000000000000.bin.zst with 64673 records (134219598 -> 52014437 bytes, 2.6x compression)
[2m2026-09-15T16:47:30.013307Z[0m [32m INFO[0m [2mkafka_backup_core::segment::writer[0m[2m:[0m Wrote segment device-telemetry/topics/device-telemetry/partition=4/segment-00000000000000000000.bin.zst with 64673 records (134219068 -> 52013760 bytes, 2.6x compression)
[2m2026-09-15T16:47:30.059702Z[0m [32m INFO[0m [2mkafka_backup_core::segment::writer[0m[2m:[0m Wrote segment device-telemetry/topics/device-telemetry/partition=1/segment-00000000000000000000.bin.zst with 64671 records (134218561 -> 52017295 bytes, 2.6x compression)
[2m2026-09-15T16:47:30.061270Z[0m [32m INFO[0m [2mkafka_backup_core::segment::writer[0m[2m:[0m Wrote segment device-telemetry/topics/device-telemetry/partition=3/segment-00000000000000000000.bin.zst with 64669 records (134218020 -> 52016424 bytes, 2.6x compression)
[2m2026-09-15T16:47:30.074223Z[0m [32m INFO[0m [2mkafka_backup_core::segment::writer[0m[2m:[0m Wrote segment device-telemetry/topics/device-telemetry/partition=2/segment-00000000000000000000.bin.zst with 64674 records (134217931 -> 52017300 bytes, 2.6x compression)
[2m2026-09-15T16:47:30.472876Z[0m [32m INFO[0m [2mkafka_backup_core::segment::writer[0m[2m:[0m Wrote segment device-telemetry/topics/device-telemetry/partition=5/segment-00000000000000064673.bin.zst with 64669 records (134219005 -> 52021286 bytes, 2.6x compression)
[2m2026-09-15T16:47:30.483412Z[0m [32m INFO[0m [2mkafka_backup_core::segment::writer[0m[2m:[0m Wrote segment device-telemetry/topics/device-telemetry/partition=0/segment-00000000000000064673.bin.zst with 64668 records (134218452 -> 52021132 bytes, 2.6x compression)
[2m2026-09-15T16:47:30.510847Z[0m [32m INFO[0m [2mkafka_backup_core::segment::writer[0m[2m:[0m Wrote segment device-telemetry/topics/device-telemetry/partition=4/segment-00000000000000064673.bin.zst with 64670 records (134217989 -> 52019050 bytes, 2.6x compression)
[2m2026-09-15T16:47:30.553669Z[0m [32m INFO[0m [2mkafka_backup_core::segment::writer[0m[2m:[0m Wrote segment device-telemetry/topics/device-telemetry/partition=1/segment-00000000000000064671.bin.zst with 64667 records (134218151 -> 52020793 bytes, 2.6x compression)
[2m2026-09-15T16:47:30.571651Z[0m [32m INFO[0m [2mkafka_backup_core::segment::writer[0m[2m:[0m Wrote segment device-telemetry/topics/device-telemetry/partition=3/segment-00000000000000064669.bin.zst with 64666 records (134218650 -> 52025120 bytes, 2.6x compression)
[2m2026-09-15T16:47:30.574721Z[0m [32m INFO[0m [2mkafka_backup_core::segment::writer[0m[2m:[0m Wrote segment device-telemetry/topics/device-telemetry/partition=2/segment-00000000000000064674.bin.zst with 64671 records (134219592 -> 52024205 bytes, 2.6x compression)
[2m2026-09-15T16:47:30.967016Z[0m [32m INFO[0m [2mkafka_backup_core::segment::writer[0m[2m:[0m Wrote segment device-telemetry/topics/device-telemetry/partition=5/segment-00000000000000129342.bin.zst with 64669 records (134219743 -> 52020437 bytes, 2.6x compression)
[2m2026-09-15T16:47:30.989908Z[0m [32m INFO[0m [2mkafka_backup_core::segment::writer[0m[2m:[0m Wrote segment device-telemetry/topics/device-telemetry/partition=0/segment-00000000000000129341.bin.zst with 64668 records (134218361 -> 52023401 bytes, 2.6x compression)
[2m2026-09-15T16:47:31.008111Z[0m [32m INFO[0m [2mkafka_backup_core::segment::writer[0m[2m:[0m Wrote segment device-telemetry/topics/device-telemetry/partition=4/segment-00000000000000129343.bin.zst with 64669 records (134218214 -> 52022892 bytes, 2.6x compression)
[2m2026-09-15T16:47:31.046982Z[0m [32m INFO[0m [2mkafka_backup_core::segment::writer[0m[2m:[0m Wrote segment device-telemetry/topics/device-telemetry/partition=1/segment-00000000000000129338.bin.zst with 64667 records (134218707 -> 52024421 bytes, 2.6x compression)
[2m2026-09-15T16:47:31.076061Z[0m [32m INFO[0m [2mkafka_backup_core::segment::writer[0m[2m:[0m Wrote segment device-telemetry/topics/device-telemetry/partition=3/segment-00000000000000129335.bin.zst with 64667 records (134219004 -> 52023998 bytes, 2.6x compression)
[2m2026-09-15T16:47:31.076803Z[0m [32m INFO[0m [2mkafka_backup_core::segment::writer[0m[2m:[0m Wrote segment device-telemetry/topics/device-telemetry/partition=2/segment-00000000000000129345.bin.zst with 64671 records (134218528 -> 52021837 bytes, 2.6x compression)
[2m2026-09-15T16:47:31.479747Z[0m [32m INFO[0m [2mkafka_backup_core::segment::writer[0m[2m:[0m Wrote segment device-telemetry/topics/device-telemetry/partition=5/segment-00000000000000194011.bin.zst with 64669 records (134218901 -> 52020108 bytes, 2.6x compression)
[2m2026-09-15T16:47:31.504700Z[0m [32m INFO[0m [2mkafka_backup_core::segment::writer[0m[2m:[0m Wrote segment device-telemetry/topics/device-telemetry/partition=4/segment-00000000000000194012.bin.zst with 64669 records (134218012 -> 52019317 bytes, 2.6x compression)
[2m2026-09-15T16:47:31.504963Z[0m [32m INFO[0m [2mkafka_backup_core::segment::writer[0m[2m:[0m Wrote segment device-telemetry/topics/device-telemetry/partition=0/segment-00000000000000194009.bin.zst with 64668 records (134217971 -> 52022910 bytes, 2.6x compression)
[2m2026-09-15T16:47:31.542154Z[0m [32m INFO[0m [2mkafka_backup_core::segment::writer[0m[2m:[0m Wrote segment device-telemetry/topics/device-telemetry/partition=1/segment-00000000000000194005.bin.zst with 64666 records (134218072 -> 52023969 bytes, 2.6x compression)
[2m2026-09-15T16:47:31.590772Z[0m [32m INFO[0m [2mkafka_backup_core::segment::writer[0m[2m:[0m Wrote segment device-telemetry/topics/device-telemetry/partition=3/segment-00000000000000194002.bin.zst with 64665 records (134217757 -> 52025616 bytes, 2.6x compression)
[2m2026-09-15T16:47:31.591089Z[0m [32m INFO[0m [2mkafka_backup_core::segment::writer[0m[2m:[0m Wrote segment device-telemetry/topics/device-telemetry/partition=2/segment-00000000000000194016.bin.zst with 64670 records (134219192 -> 52025618 bytes, 2.6x compression)
[2m2026-09-15T16:47:31.976331Z[0m [32m INFO[0m [2mkafka_backup_core::segment::writer[0m[2m:[0m Wrote segment device-telemetry/topics/device-telemetry/partition=5/segment-00000000000000258680.bin.zst with 64668 records (134219702 -> 52024976 bytes, 2.6x compression)
[2m2026-09-15T16:47:32.021874Z[0m [32m INFO[0m [2mkafka_backup_core::segment::writer[0m[2m:[0m Wrote segment device-telemetry/topics/device-telemetry/partition=0/segment-00000000000000258677.bin.zst with 64668 records (134218031 -> 52022524 bytes, 2.6x compression)
[2m2026-09-15T16:47:32.026842Z[0m [32m INFO[0m [2mkafka_backup_core::segment::writer[0m[2m:[0m Wrote segment device-telemetry/topics/device-telemetry/partition=4/segment-00000000000000258681.bin.zst with 64670 records (134218652 -> 52020476 bytes, 2.6x compression)
[2m2026-09-15T16:47:32.044928Z[0m [32m INFO[0m [2mkafka_backup_core::segment::writer[0m[2m:[0m Wrote segment device-telemetry/topics/device-telemetry/partition=1/segment-00000000000000258671.bin.zst with 64667 records (134219295 -> 52023502 bytes, 2.6x compression)
[2m2026-09-15T16:47:32.096626Z[0m [32m INFO[0m [2mkafka_backup_core::segment::writer[0m[2m:[0m Wrote segment device-telemetry/topics/device-telemetry/partition=2/segment-00000000000000258686.bin.zst with 64669 records (134217740 -> 52023822 bytes, 2.6x compression)
[2m2026-09-15T16:47:32.097011Z[0m [32m INFO[0m [2mkafka_backup_core::segment::writer[0m[2m:[0m Wrote segment device-telemetry/topics/device-telemetry/partition=3/segment-00000000000000258667.bin.zst with 64667 records (134218917 -> 52023119 bytes, 2.6x compression)
[2m2026-09-15T16:47:32.472835Z[0m [32m INFO[0m [2mkafka_backup_core::segment::writer[0m[2m:[0m Wrote segment device-telemetry/topics/device-telemetry/partition=5/segment-00000000000000323348.bin.zst with 64669 records (134219366 -> 52023835 bytes, 2.6x compression)
[2m2026-09-15T16:47:32.523116Z[0m [32m INFO[0m [2mkafka_backup_core::segment::writer[0m[2m:[0m Wrote segment device-telemetry/topics/device-telemetry/partition=0/segment-00000000000000323345.bin.zst with 64668 records (134219415 -> 52023283 bytes, 2.6x compression)
[2m2026-09-15T16:47:32.523546Z[0m [32m INFO[0m [2mkafka_backup_core::segment::writer[0m[2m:[0m Wrote segment device-telemetry/topics/device-telemetry/partition=4/segment-00000000000000323351.bin.zst with 64669 records (134218122 -> 52020041 bytes, 2.6x compression)
[2m2026-09-15T16:47:32.543618Z[0m [32m INFO[0m [2mkafka_backup_core::segment::writer[0m[2m:[0m Wrote segment device-telemetry/topics/device-telemetry/partition=1/segment-00000000000000323338.bin.zst with 64667 records (134218291 -> 52021959 bytes, 2.6x compression)
[2m2026-09-15T16:47:32.616427Z[0m [32m INFO[0m [2mkafka_backup_core::segment::writer[0m[2m:[0m Wrote segment device-telemetry/topics/device-telemetry/partition=3/segment-00000000000000323334.bin.zst with 64665 records (134217992 -> 52023498 bytes, 2.6x compression)
[2m2026-09-15T16:47:32.616665Z[0m [32m INFO[0m [2mkafka_backup_core::segment::writer[0m[2m:[0m Wrote segment device-telemetry/topics/device-telemetry/partition=2/segment-00000000000000323355.bin.zst with 64670 records (134218086 -> 52025834 bytes, 2.6x compression)
[2m2026-09-15T16:47:32.965818Z[0m [32m INFO[0m [2mkafka_backup_core::segment::writer[0m[2m:[0m Wrote segment device-telemetry/topics/device-telemetry/partition=5/segment-00000000000000388017.bin.zst with 64669 records (134217944 -> 52020869 bytes, 2.6x compression)
[2m2026-09-15T16:47:33.017525Z[0m [32m INFO[0m [2mkafka_backup_core::segment::writer[0m[2m:[0m Wrote segment device-telemetry/topics/device-telemetry/partition=4/segment-00000000000000388020.bin.zst with 64669 records (134219324 -> 52023649 bytes, 2.6x compression)
[2m2026-09-15T16:47:33.029164Z[0m [32m INFO[0m [2mkafka_backup_core::segment::writer[0m[2m:[0m Wrote segment device-telemetry/topics/device-telemetry/partition=0/segment-00000000000000388013.bin.zst with 64669 records (134218645 -> 52024043 bytes, 2.6x compression)
[2m2026-09-15T16:47:33.052916Z[0m [32m INFO[0m [2mkafka_backup_core::segment::writer[0m[2m:[0m Wrote segment device-telemetry/topics/device-telemetry/partition=1/segment-00000000000000388005.bin.zst with 64667 records (134218463 -> 52022466 bytes, 2.6x compression)
[2m2026-09-15T16:47:33.119209Z[0m [32m INFO[0m [2mkafka_backup_core::segment::writer[0m[2m:[0m Wrote segment device-telemetry/topics/device-telemetry/partition=3/segment-00000000000000387999.bin.zst with 64666 records (134218703 -> 52023323 bytes, 2.6x compression)
[2m2026-09-15T16:47:33.120906Z[0m [32m INFO[0m [2mkafka_backup_core::segment::writer[0m[2m:[0m Wrote segment device-telemetry/topics/device-telemetry/partition=2/segment-00000000000000388025.bin.zst with 64671 records (134219693 -> 52024519 bytes, 2.6x compression)
[2m2026-09-15T16:47:33.458895Z[0m [32m INFO[0m [2mkafka_backup_core::segment::writer[0m[2m:[0m Wrote segment device-telemetry/topics/device-telemetry/partition=5/segment-00000000000000452686.bin.zst with 64668 records (134218941 -> 52022527 bytes, 2.6x compression)
[2m2026-09-15T16:47:33.508796Z[0m [32m INFO[0m [2mkafka_backup_core::segment::writer[0m[2m:[0m Wrote segment device-telemetry/topics/device-telemetry/partition=4/segment-00000000000000452689.bin.zst with 64669 records (134219065 -> 52023566 bytes, 2.6x compression)
[2m2026-09-15T16:47:33.531933Z[0m [32m INFO[0m [2mkafka_backup_core::segment::writer[0m[2m:[0m Wrote segment device-telemetry/topics/device-telemetry/partition=0/segment-00000000000000452682.bin.zst with 64668 records (134219646 -> 52022559 bytes, 2.6x compression)
[2m2026-09-15T16:47:33.551186Z[0m [32m INFO[0m [2mkafka_backup_core::segment::writer[0m[2m:[0m Wrote segment device-telemetry/topics/device-telemetry/partition=1/segment-00000000000000452672.bin.zst with 64667 records (134219277 -> 52027482 bytes, 2.6x compression)
[2m2026-09-15T16:47:33.631452Z[0m [32m INFO[0m [2mkafka_backup_core::segment::writer[0m[2m:[0m Wrote segment device-telemetry/topics/device-telemetry/partition=3/segment-00000000000000452665.bin.zst with 64665 records (134219624 -> 52024995 bytes, 2.6x compression)
[2m2026-09-15T16:47:33.631727Z[0m [32m INFO[0m [2mkafka_backup_core::segment::writer[0m[2m:[0m Wrote segment device-telemetry/topics/device-telemetry/partition=2/segment-00000000000000452696.bin.zst with 64670 records (134218497 -> 52025194 bytes, 2.6x compression)
[2m2026-09-15T16:47:33.953984Z[0m [32m INFO[0m [2mkafka_backup_core::segment::writer[0m[2m:[0m Wrote segment device-telemetry/topics/device-telemetry/partition=5/segment-00000000000000517354.bin.zst with 64669 records (134218960 -> 52020586 bytes, 2.6x compression)
[2m2026-09-15T16:47:34.009313Z[0m [32m INFO[0m [2mkafka_backup_core::segment::writer[0m[2m:[0m Wrote segment device-telemetry/topics/device-telemetry/partition=4/segment-00000000000000517358.bin.zst with 64670 records (134219391 -> 52022485 bytes, 2.6x compression)
[2m2026-09-15T16:47:34.043958Z[0m [32m INFO[0m [2mkafka_backup_core::segment::writer[0m[2m:[0m Wrote segment device-telemetry/topics/device-telemetry/partition=0/segment-00000000000000517350.bin.zst with 64668 records (134218355 -> 52022192 bytes, 2.6x compression)
[2m2026-09-15T16:47:34.045261Z[0m [32m INFO[0m [2mkafka_backup_core::segment::writer[0m[2m:[0m Wrote segment device-telemetry/topics/device-telemetry/partition=1/segment-00000000000000517339.bin.zst with 64667 records (134218852 -> 52025872 bytes, 2.6x compression)
[2m2026-09-15T16:47:34.131647Z[0m [32m INFO[0m [2mkafka_backup_core::segment::writer[0m[2m:[0m Wrote segment device-telemetry/topics/device-telemetry/partition=2/segment-00000000000000517366.bin.zst with 64671 records (134218790 -> 52025317 bytes, 2.6x compression)
[2m2026-09-15T16:47:34.132491Z[0m [32m INFO[0m [2mkafka_backup_core::segment::writer[0m[2m:[0m Wrote segment device-telemetry/topics/device-telemetry/partition=3/segment-00000000000000517330.bin.zst with 64666 records (134218613 -> 52023498 bytes, 2.6x compression)
[2m2026-09-15T16:47:34.446152Z[0m [32m INFO[0m [2mkafka_backup_core::segment::writer[0m[2m:[0m Wrote segment device-telemetry/topics/device-telemetry/partition=5/segment-00000000000000582023.bin.zst with 64667 records (134219070 -> 52027228 bytes, 2.6x compression)
[2m2026-09-15T16:47:34.503768Z[0m [32m INFO[0m [2mkafka_backup_core::segment::writer[0m[2m:[0m Wrote segment device-telemetry/topics/device-telemetry/partition=4/segment-00000000000000582028.bin.zst with 64669 records (134218306 -> 52022000 bytes, 2.6x compression)
[2m2026-09-15T16:47:34.528924Z[0m [32m INFO[0m [2mkafka_backup_core::segment::writer[0m[2m:[0m Wrote segment device-telemetry/topics/device-telemetry/partition=1/segment-00000000000000582006.bin.zst with 64667 records (134219104 -> 52022427 bytes, 2.6x compression)
[2m2026-09-15T16:47:34.550071Z[0m [32m INFO[0m [2mkafka_backup_core::segment::writer[0m[2m:[0m Wrote segment device-telemetry/topics/device-telemetry/partition=0/segment-00000000000000582018.bin.zst with 64669 records (134218721 -> 52024136 bytes, 2.6x compression)
[2m2026-09-15T16:47:34.633410Z[0m [32m INFO[0m [2mkafka_backup_core::segment::writer[0m[2m:[0m Wrote segment device-telemetry/topics/device-telemetry/partition=3/segment-00000000000000581996.bin.zst with 64665 records (134217928 -> 52022739 bytes, 2.6x compression)
[2m2026-09-15T16:47:34.633697Z[0m [32m INFO[0m [2mkafka_backup_core::segment::writer[0m[2m:[0m Wrote segment device-telemetry/topics/device-telemetry/partition=2/segment-00000000000000582037.bin.zst with 64670 records (134218513 -> 52027345 bytes, 2.6x compression)
[2m2026-09-15T16:47:34.935888Z[0m [32m INFO[0m [2mkafka_backup_core::segment::writer[0m[2m:[0m Wrote segment device-telemetry/topics/device-telemetry/partition=5/segment-00000000000000646690.bin.zst with 64669 records (134218293 -> 52019982 bytes, 2.6x compression)
[2m2026-09-15T16:47:34.993816Z[0m [32m INFO[0m [2mkafka_backup_core::segment::writer[0m[2m:[0m Wrote segment device-telemetry/topics/device-telemetry/partition=4/segment-00000000000000646697.bin.zst with 64670 records (134218745 -> 52021173 bytes, 2.6x compression)
[2m2026-09-15T16:47:35.025472Z[0m [32m INFO[0m [2mkafka_backup_core::segment::writer[0m[2m:[0m Wrote segment device-telemetry/topics/device-telemetry/partition=1/segment-00000000000000646673.bin.zst with 64667 records (134218319 -> 52020918 bytes, 2.6x compression)
[2m2026-09-15T16:47:35.039068Z[0m [32m INFO[0m [2mkafka_backup_core::segment::writer[0m[2m:[0m Wrote segment device-telemetry/topics/device-telemetry/partition=0/segment-00000000000000646687.bin.zst with 64668 records (134219389 -> 52026451 bytes, 2.6x compression)
[2m2026-09-15T16:47:35.134724Z[0m [32m INFO[0m [2mkafka_backup_core::segment::writer[0m[2m:[0m Wrote segment device-telemetry/topics/device-telemetry/partition=3/segment-00000000000000646661.bin.zst with 64666 records (134219458 -> 52024164 bytes, 2.6x compression)
[2m2026-09-15T16:47:35.135377Z[0m [32m INFO[0m [2mkafka_backup_core::segment::writer[0m[2m:[0m Wrote segment device-telemetry/topics/device-telemetry/partition=2/segment-00000000000000646707.bin.zst with 64670 records (134218983 -> 52022987 bytes, 2.6x compression)
[2m2026-09-15T16:47:35.423713Z[0m [32m INFO[0m [2mkafka_backup_core::segment::writer[0m[2m:[0m Wrote segment device-telemetry/topics/device-telemetry/partition=5/segment-00000000000000711359.bin.zst with 64669 records (134219528 -> 52022054 bytes, 2.6x compression)
[2m2026-09-15T16:47:35.477768Z[0m [32m INFO[0m [2mkafka_backup_core::segment::writer[0m[2m:[0m Wrote segment device-telemetry/topics/device-telemetry/partition=4/segment-00000000000000711367.bin.zst with 64668 records (134217936 -> 52024331 bytes, 2.6x compression)
[2m2026-09-15T16:47:35.512386Z[0m [32m INFO[0m [2mkafka_backup_core::segment::writer[0m[2m:[0m Wrote segment device-telemetry/topics/device-telemetry/partition=1/segment-00000000000000711340.bin.zst with 64667 records (134218720 -> 52023064 bytes, 2.6x compression)
[2m2026-09-15T16:47:35.526723Z[0m [32m INFO[0m [2mkafka_backup_core::segment::writer[0m[2m:[0m Wrote segment device-telemetry/topics/device-telemetry/partition=0/segment-00000000000000711355.bin.zst with 64668 records (134218341 -> 52023783 bytes, 2.6x compression)
[2m2026-09-15T16:47:35.647994Z[0m [32m INFO[0m [2mkafka_backup_core::segment::writer[0m[2m:[0m Wrote segment device-telemetry/topics/device-telemetry/partition=2/segment-00000000000000711377.bin.zst with 64670 records (134218021 -> 52026044 bytes, 2.6x compression)
[2m2026-09-15T16:47:35.648265Z[0m [32m INFO[0m [2mkafka_backup_core::segment::writer[0m[2m:[0m Wrote segment device-telemetry/topics/device-telemetry/partition=3/segment-00000000000000711327.bin.zst with 64665 records (134218890 -> 52024720 bytes, 2.6x compression)
[2m2026-09-15T16:47:35.912536Z[0m [32m INFO[0m [2mkafka_backup_core::segment::writer[0m[2m:[0m Wrote segment device-telemetry/topics/device-telemetry/partition=5/segment-00000000000000776028.bin.zst with 64669 records (134218953 -> 52020643 bytes, 2.6x compression)
[2m2026-09-15T16:47:35.965669Z[0m [32m INFO[0m [2mkafka_backup_core::segment::writer[0m[2m:[0m Wrote segment device-telemetry/topics/device-telemetry/partition=4/segment-00000000000000776035.bin.zst with 64669 records (134218513 -> 52020525 bytes, 2.6x compression)
[2m2026-09-15T16:47:36.004398Z[0m [32m INFO[0m [2mkafka_backup_core::segment::writer[0m[2m:[0m Wrote segment device-telemetry/topics/device-telemetry/partition=1/segment-00000000000000776007.bin.zst with 64667 records (134219118 -> 52022709 bytes, 2.6x compression)
[2m2026-09-15T16:47:36.015982Z[0m [32m INFO[0m [2mkafka_backup_core::segment::writer[0m[2m:[0m Wrote segment device-telemetry/topics/device-telemetry/partition=0/segment-00000000000000776023.bin.zst with 64669 records (134218139 -> 52020722 bytes, 2.6x compression)
[2m2026-09-15T16:47:36.141634Z[0m [32m INFO[0m [2mkafka_backup_core::segment::writer[0m[2m:[0m Wrote segment device-telemetry/topics/device-telemetry/partition=3/segment-00000000000000775992.bin.zst with 64666 records (134218983 -> 52023219 bytes, 2.6x compression)
[2m2026-09-15T16:47:36.146206Z[0m [32m INFO[0m [2mkafka_backup_core::segment::writer[0m[2m:[0m Wrote segment device-telemetry/topics/device-telemetry/partition=2/segment-00000000000000776047.bin.zst with 64670 records (134218099 -> 52026327 bytes, 2.6x compression)
[2m2026-09-15T16:47:36.395500Z[0m [32m INFO[0m [2mkafka_backup_core::segment::writer[0m[2m:[0m Wrote segment device-telemetry/topics/device-telemetry/partition=5/segment-00000000000000840697.bin.zst with 64669 records (134218553 -> 52020839 bytes, 2.6x compression)
[2m2026-09-15T16:47:36.455058Z[0m [32m INFO[0m [2mkafka_backup_core::segment::writer[0m[2m:[0m Wrote segment device-telemetry/topics/device-telemetry/partition=4/segment-00000000000000840704.bin.zst with 64669 records (134219014 -> 52022348 bytes, 2.6x compression)
[2m2026-09-15T16:47:36.502569Z[0m [32m INFO[0m [2mkafka_backup_core::segment::writer[0m[2m:[0m Wrote segment device-telemetry/topics/device-telemetry/partition=1/segment-00000000000000840674.bin.zst with 64667 records (134219336 -> 52025136 bytes, 2.6x compression)
[2m2026-09-15T16:47:36.519452Z[0m [32m INFO[0m [2mkafka_backup_core::segment::writer[0m[2m:[0m Wrote segment device-telemetry/topics/device-telemetry/partition=0/segment-00000000000000840692.bin.zst with 64668 records (134218253 -> 52023142 bytes, 2.6x compression)
[2m2026-09-15T16:47:36.637669Z[0m [32m INFO[0m [2mkafka_backup_core::segment::writer[0m[2m:[0m Wrote segment device-telemetry/topics/device-telemetry/partition=3/segment-00000000000000840658.bin.zst with 64665 records (134219481 -> 52026085 bytes, 2.6x compression)
[2m2026-09-15T16:47:36.637913Z[0m [32m INFO[0m [2mkafka_backup_core::segment::writer[0m[2m:[0m Wrote segment device-telemetry/topics/device-telemetry/partition=2/segment-00000000000000840717.bin.zst with 64670 records (134219341 -> 52023486 bytes, 2.6x compression)
[2m2026-09-15T16:47:36.885776Z[0m [32m INFO[0m [2mkafka_backup_core::segment::writer[0m[2m:[0m Wrote segment device-telemetry/topics/device-telemetry/partition=5/segment-00000000000000905366.bin.zst with 64668 records (134219452 -> 52024225 bytes, 2.6x compression)
[2m2026-09-15T16:47:36.945668Z[0m [32m INFO[0m [2mkafka_backup_core::segment::writer[0m[2m:[0m Wrote segment device-telemetry/topics/device-telemetry/partition=4/segment-00000000000000905373.bin.zst with 64670 records (134219059 -> 52021607 bytes, 2.6x compression)
[2m2026-09-15T16:47:36.992907Z[0m [32m INFO[0m [2mkafka_backup_core::segment::writer[0m[2m:[0m Wrote segment device-telemetry/topics/device-telemetry/partition=1/segment-00000000000000905341.bin.zst with 64667 records (134217960 -> 52022936 bytes, 2.6x compression)
[2m2026-09-15T16:47:37.010998Z[0m [32m INFO[0m [2mkafka_backup_core::segment::writer[0m[2m:[0m Wrote segment device-telemetry/topics/device-telemetry/partition=0/segment-00000000000000905360.bin.zst with 64669 records (134219271 -> 52022211 bytes, 2.6x compression)
[2m2026-09-15T16:47:37.137022Z[0m [32m INFO[0m [2mkafka_backup_core::segment::writer[0m[2m:[0m Wrote segment device-telemetry/topics/device-telemetry/partition=2/segment-00000000000000905387.bin.zst with 64671 records (134218488 -> 52023929 bytes, 2.6x compression)
[2m2026-09-15T16:47:37.137477Z[0m [32m INFO[0m [2mkafka_backup_core::segment::writer[0m[2m:[0m Wrote segment device-telemetry/topics/device-telemetry/partition=3/segment-00000000000000905323.bin.zst with 64666 records (134219674 -> 52027461 bytes, 2.6x compression)
[2m2026-09-15T16:47:37.372804Z[0m [32m INFO[0m [2mkafka_backup_core::segment::writer[0m[2m:[0m Wrote segment device-telemetry/topics/device-telemetry/partition=5/segment-00000000000000970034.bin.zst with 64668 records (134218354 -> 52022577 bytes, 2.6x compression)
[2m2026-09-15T16:47:37.427593Z[0m [32m INFO[0m [2mkafka_backup_core::segment::writer[0m[2m:[0m Wrote segment device-telemetry/topics/device-telemetry/partition=4/segment-00000000000000970043.bin.zst with 64671 records (134219794 -> 52020025 bytes, 2.6x compression)
[2m2026-09-15T16:47:37.480609Z[0m [32m INFO[0m [2mkafka_backup_core::segment::writer[0m[2m:[0m Wrote segment device-telemetry/topics/device-telemetry/partition=1/segment-00000000000000970008.bin.zst with 64667 records (134219677 -> 52025015 bytes, 2.6x compression)
[2m2026-09-15T16:47:37.507078Z[0m [32m INFO[0m [2mkafka_backup_core::segment::writer[0m[2m:[0m Wrote segment device-telemetry/topics/device-telemetry/partition=0/segment-00000000000000970029.bin.zst with 64668 records (134218379 -> 52021763 bytes, 2.6x compression)
[2m2026-09-15T16:47:37.630458Z[0m [32m INFO[0m [2mkafka_backup_core::segment::writer[0m[2m:[0m Wrote segment device-telemetry/topics/device-telemetry/partition=3/segment-00000000000000969989.bin.zst with 64666 records (134219495 -> 52024793 bytes, 2.6x compression)
[2m2026-09-15T16:47:37.630729Z[0m [32m INFO[0m [2mkafka_backup_core::segment::writer[0m[2m:[0m Wrote segment device-telemetry/topics/device-telemetry/partition=2/segment-00000000000000970058.bin.zst with 64671 records (134219664 -> 52023277 bytes, 2.6x compression)
[2m2026-09-15T16:47:37.862044Z[0m [32m INFO[0m [2mkafka_backup_core::segment::writer[0m[2m:[0m Wrote segment device-telemetry/topics/device-telemetry/partition=5/segment-00000000000001034702.bin.zst with 64644 records (134219541 -> 52049119 bytes, 2.6x compression)
[2m2026-09-15T16:47:37.930043Z[0m [32m INFO[0m [2mkafka_backup_core::segment::writer[0m[2m:[0m Wrote segment device-telemetry/topics/device-telemetry/partition=4/segment-00000000000001034714.bin.zst with 64644 records (134218444 -> 52054849 bytes, 2.6x compression)
[2m2026-09-15T16:47:37.978590Z[0m [32m INFO[0m [2mkafka_backup_core::segment::writer[0m[2m:[0m Wrote segment device-telemetry/topics/device-telemetry/partition=1/segment-00000000000001034675.bin.zst with 64643 records (134218983 -> 52054008 bytes, 2.6x compression)
[2m2026-09-15T16:47:38.018921Z[0m [32m INFO[0m [2mkafka_backup_core::segment::writer[0m[2m:[0m Wrote segment device-telemetry/topics/device-telemetry/partition=0/segment-00000000000001034697.bin.zst with 64644 records (134218294 -> 52053463 bytes, 2.6x compression)
[2m2026-09-15T16:47:38.130269Z[0m [32m INFO[0m [2mkafka_backup_core::segment::writer[0m[2m:[0m Wrote segment device-telemetry/topics/device-telemetry/partition=3/segment-00000000000001034655.bin.zst with 64641 records (134218798 -> 52056300 bytes, 2.6x compression)
[2m2026-09-15T16:47:38.130604Z[0m [32m INFO[0m [2mkafka_backup_core::segment::writer[0m[2m:[0m Wrote segment device-telemetry/topics/device-telemetry/partition=2/segment-00000000000001034729.bin.zst with 64645 records (134218610 -> 52056336 bytes, 2.6x compression)
[2m2026-09-15T16:47:38.362539Z[0m [32m INFO[0m [2mkafka_backup_core::segment::writer[0m[2m:[0m Wrote segment device-telemetry/topics/device-telemetry/partition=5/segment-00000000000001099346.bin.zst with 64638 records (134219359 -> 52060901 bytes, 2.6x compression)
[2m2026-09-15T16:47:38.418544Z[0m [32m INFO[0m [2mkafka_backup_core::segment::writer[0m[2m:[0m Wrote segment device-telemetry/topics/device-telemetry/partition=4/segment-00000000000001099358.bin.zst with 64638 records (134219752 -> 52061852 bytes, 2.6x compression)
[2m2026-09-15T16:47:38.468091Z[0m [32m INFO[0m [2mkafka_backup_core::segment::writer[0m[2m:[0m Wrote segment device-telemetry/topics/device-telemetry/partition=1/segment-00000000000001099318.bin.zst with 64636 records (134219367 -> 52063985 bytes, 2.6x compression)
[2m2026-09-15T16:47:38.512186Z[0m [32m INFO[0m [2mkafka_backup_core::segment::writer[0m[2m:[0m Wrote segment device-telemetry/topics/device-telemetry/partition=0/segment-00000000000001099341.bin.zst with 64638 records (134219341 -> 52063114 bytes, 2.6x compression)
[2m2026-09-15T16:47:38.629867Z[0m [32m INFO[0m [2mkafka_backup_core::segment::writer[0m[2m:[0m Wrote segment device-telemetry/topics/device-telemetry/partition=2/segment-00000000000001099374.bin.zst with 64639 records (134218055 -> 52062750 bytes, 2.6x compression)
[2m2026-09-15T16:47:38.630195Z[0m [32m INFO[0m [2mkafka_backup_core::segment::writer[0m[2m:[0m Wrote segment device-telemetry/topics/device-telemetry/partition=3/segment-00000000000001099296.bin.zst with 64636 records (134219391 -> 52065122 bytes, 2.6x compression)
[2m2026-09-15T16:47:38.852588Z[0m [32m INFO[0m [2mkafka_backup_core::segment::writer[0m[2m:[0m Wrote segment device-telemetry/topics/device-telemetry/partition=5/segment-00000000000001163984.bin.zst with 64638 records (134218245 -> 52058206 bytes, 2.6x compression)
[2m2026-09-15T16:47:38.923784Z[0m [32m INFO[0m [2mkafka_backup_core::segment::writer[0m[2m:[0m Wrote segment device-telemetry/topics/device-telemetry/partition=4/segment-00000000000001163996.bin.zst with 64639 records (134219131 -> 52057759 bytes, 2.6x compression)
[2m2026-09-15T16:47:38.983530Z[0m [32m INFO[0m [2mkafka_backup_core::segment::writer[0m[2m:[0m Wrote segment device-telemetry/topics/device-telemetry/partition=1/segment-00000000000001163954.bin.zst with 64637 records (134219539 -> 52062195 bytes, 2.6x compression)
[2m2026-09-15T16:47:39.013792Z[0m [32m INFO[0m [2mkafka_backup_core::segment::writer[0m[2m:[0m Wrote segment device-telemetry/topics/device-telemetry/partition=0/segment-00000000000001163979.bin.zst with 64637 records (134218315 -> 52062403 bytes, 2.6x compression)
[2m2026-09-15T16:47:39.149632Z[0m [32m INFO[0m [2mkafka_backup_core::segment::writer[0m[2m:[0m Wrote segment device-telemetry/topics/device-telemetry/partition=2/segment-00000000000001164013.bin.zst with 64639 records (134218787 -> 52064166 bytes, 2.6x compression)
[2m2026-09-15T16:47:39.154308Z[0m [32m INFO[0m [2mkafka_backup_core::segment::writer[0m[2m:[0m Wrote segment device-telemetry/topics/device-telemetry/partition=3/segment-00000000000001163932.bin.zst with 64635 records (134219704 -> 52063156 bytes, 2.6x compression)
[2m2026-09-15T16:47:39.348142Z[0m [32m INFO[0m [2mkafka_backup_core::segment::writer[0m[2m:[0m Wrote segment device-telemetry/topics/device-telemetry/partition=5/segment-00000000000001228622.bin.zst with 64636 records (134218479 -> 52062324 bytes, 2.6x compression)
[2m2026-09-15T16:47:39.426106Z[0m [32m INFO[0m [2mkafka_backup_core::segment::writer[0m[2m:[0m Wrote segment device-telemetry/topics/device-telemetry/partition=4/segment-00000000000001228635.bin.zst with 64637 records (134217898 -> 52060805 bytes, 2.6x compression)
[2m2026-09-15T16:47:39.500614Z[0m [32m INFO[0m [2mkafka_backup_core::segment::writer[0m[2m:[0m Wrote segment device-telemetry/topics/device-telemetry/partition=1/segment-00000000000001228591.bin.zst with 64636 records (134219419 -> 52062764 bytes, 2.6x compression)
[2m2026-09-15T16:47:39.518189Z[0m [32m INFO[0m [2mkafka_backup_core::segment::writer[0m[2m:[0m Wrote segment device-telemetry/topics/device-telemetry/partition=0/segment-00000000000001228616.bin.zst with 64637 records (134218889 -> 52063291 bytes, 2.6x compression)
[2m2026-09-15T16:47:39.664289Z[0m [32m INFO[0m [2mkafka_backup_core::segment::writer[0m[2m:[0m Wrote segment device-telemetry/topics/device-telemetry/partition=2/segment-00000000000001228652.bin.zst with 64639 records (134217867 -> 52063044 bytes, 2.6x compression)
[2m2026-09-15T16:47:39.664658Z[0m [32m INFO[0m [2mkafka_backup_core::segment::writer[0m[2m:[0m Wrote segment device-telemetry/topics/device-telemetry/partition=3/segment-00000000000001228567.bin.zst with 64634 records (134217994 -> 52062920 bytes, 2.6x compression)
[2m2026-09-15T16:47:39.841307Z[0m [32m INFO[0m [2mkafka_backup_core::segment::writer[0m[2m:[0m Wrote segment device-telemetry/topics/device-telemetry/partition=5/segment-00000000000001293258.bin.zst with 64637 records (134218837 -> 52064041 bytes, 2.6x compression)
[2m2026-09-15T16:47:39.913169Z[0m [32m INFO[0m [2mkafka_backup_core::segment::writer[0m[2m:[0m Wrote segment device-telemetry/topics/device-telemetry/partition=4/segment-00000000000001293272.bin.zst with 64637 records (134219555 -> 52064071 bytes, 2.6x compression)
[2m2026-09-15T16:47:39.996922Z[0m [32m INFO[0m [2mkafka_backup_core::segment::writer[0m[2m:[0m Wrote segment device-telemetry/topics/device-telemetry/partition=1/segment-00000000000001293227.bin.zst with 64635 records (134217891 -> 52063372 bytes, 2.6x compression)
[2m2026-09-15T16:47:40.013214Z[0m [32m INFO[0m [2mkafka_backup_core::segment::writer[0m[2m:[0m Wrote segment device-telemetry/topics/device-telemetry/partition=0/segment-00000000000001293253.bin.zst with 64638 records (134218089 -> 52060362 bytes, 2.6x compression)
[2m2026-09-15T16:47:40.172909Z[0m [32m INFO[0m [2mkafka_backup_core::segment::writer[0m[2m:[0m Wrote segment device-telemetry/topics/device-telemetry/partition=3/segment-00000000000001293201.bin.zst with 64634 records (134218027 -> 52064110 bytes, 2.6x compression)
[2m2026-09-15T16:47:40.173191Z[0m [32m INFO[0m [2mkafka_backup_core::segment::writer[0m[2m:[0m Wrote segment device-telemetry/topics/device-telemetry/partition=2/segment-00000000000001293291.bin.zst with 64639 records (134218019 -> 52064263 bytes, 2.6x compression)
[2m2026-09-15T16:47:40.324780Z[0m [32m INFO[0m [2mkafka_backup_core::segment::writer[0m[2m:[0m Wrote segment device-telemetry/topics/device-telemetry/partition=5/segment-00000000000001357895.bin.zst with 64637 records (134218161 -> 52060550 bytes, 2.6x compression)
[2m2026-09-15T16:47:40.394998Z[0m [32m INFO[0m [2mkafka_backup_core::segment::writer[0m[2m:[0m Wrote segment device-telemetry/topics/device-telemetry/partition=4/segment-00000000000001357909.bin.zst with 64638 records (134217764 -> 52060064 bytes, 2.6x compression)
[2m2026-09-15T16:47:40.484169Z[0m [32m INFO[0m [2mkafka_backup_core::segment::writer[0m[2m:[0m Wrote segment device-telemetry/topics/device-telemetry/partition=1/segment-00000000000001357862.bin.zst with 64636 records (134219724 -> 52061267 bytes, 2.6x compression)
[2m2026-09-15T16:47:40.512313Z[0m [32m INFO[0m [2mkafka_backup_core::segment::writer[0m[2m:[0m Wrote segment device-telemetry/topics/device-telemetry/partition=0/segment-00000000000001357891.bin.zst with 64638 records (134219358 -> 52059262 bytes, 2.6x compression)
[2m2026-09-15T16:47:40.685780Z[0m [32m INFO[0m [2mkafka_backup_core::segment::writer[0m[2m:[0m Wrote segment device-telemetry/topics/device-telemetry/partition=3/segment-00000000000001357835.bin.zst with 64634 records (134218416 -> 52064541 bytes, 2.6x compression)
[2m2026-09-15T16:47:40.689900Z[0m [32m INFO[0m [2mkafka_backup_core::segment::writer[0m[2m:[0m Wrote segment device-telemetry/topics/device-telemetry/partition=2/segment-00000000000001357930.bin.zst with 64641 records (134219517 -> 52062197 bytes, 2.6x compression)
[2m2026-09-15T16:47:40.819106Z[0m [32m INFO[0m [2mkafka_backup_core::segment::writer[0m[2m:[0m Wrote segment device-telemetry/topics/device-telemetry/partition=5/segment-00000000000001422532.bin.zst with 64638 records (134218774 -> 52058127 bytes, 2.6x compression)
[2m2026-09-15T16:47:40.882586Z[0m [32m INFO[0m [2mkafka_backup_core::segment::writer[0m[2m:[0m Wrote segment device-telemetry/topics/device-telemetry/partition=4/segment-00000000000001422547.bin.zst with 64638 records (134219626 -> 52062870 bytes, 2.6x compression)
[2m2026-09-15T16:47:40.967543Z[0m [32m INFO[0m [2mkafka_backup_core::segment::writer[0m[2m:[0m Wrote segment device-telemetry/topics/device-telemetry/partition=1/segment-00000000000001422498.bin.zst with 64636 records (134218329 -> 52062140 bytes, 2.6x compression)
[2m2026-09-15T16:47:41.008905Z[0m [32m INFO[0m [2mkafka_backup_core::segment::writer[0m[2m:[0m Wrote segment device-telemetry/topics/device-telemetry/partition=0/segment-00000000000001422529.bin.zst with 64638 records (134219658 -> 52060852 bytes, 2.6x compression)
[2m2026-09-15T16:47:41.189017Z[0m [32m INFO[0m [2mkafka_backup_core::segment::writer[0m[2m:[0m Wrote segment device-telemetry/topics/device-telemetry/partition=3/segment-00000000000001422469.bin.zst with 64635 records (134218344 -> 52062684 bytes, 2.6x compression)
[2m2026-09-15T16:47:41.191562Z[0m [32m INFO[0m [2mkafka_backup_core::segment::writer[0m[2m:[0m Wrote segment device-telemetry/topics/device-telemetry/partition=2/segment-00000000000001422571.bin.zst with 64640 records (134219451 -> 52066816 bytes, 2.6x compression)
[2m2026-09-15T16:47:41.308412Z[0m [32m INFO[0m [2mkafka_backup_core::segment::writer[0m[2m:[0m Wrote segment device-telemetry/topics/device-telemetry/partition=5/segment-00000000000001487170.bin.zst with 64637 records (134218238 -> 52060225 bytes, 2.6x compression)
[2m2026-09-15T16:47:41.366917Z[0m [32m INFO[0m [2mkafka_backup_core::segment::writer[0m[2m:[0m Wrote segment device-telemetry/topics/device-telemetry/partition=4/segment-00000000000001487185.bin.zst with 64639 records (134219746 -> 52061668 bytes, 2.6x compression)
[2m2026-09-15T16:47:41.451389Z[0m [32m INFO[0m [2mkafka_backup_core::segment::writer[0m[2m:[0m Wrote segment device-telemetry/topics/device-telemetry/partition=1/segment-00000000000001487134.bin.zst with 64636 records (134218293 -> 52061997 bytes, 2.6x compression)
[2m2026-09-15T16:47:41.503839Z[0m [32m INFO[0m [2mkafka_backup_core::segment::writer[0m[2m:[0m Wrote segment device-telemetry/topics/device-telemetry/partition=0/segment-00000000000001487167.bin.zst with 64637 records (134218653 -> 52059108 bytes, 2.6x compression)
[2m2026-09-15T16:47:41.688172Z[0m [32m INFO[0m [2mkafka_backup_core::segment::writer[0m[2m:[0m Wrote segment device-telemetry/topics/device-telemetry/partition=3/segment-00000000000001487104.bin.zst with 64634 records (134218699 -> 52066693 bytes, 2.6x compression)
[2m2026-09-15T16:47:41.692168Z[0m [32m INFO[0m [2mkafka_backup_core::segment::writer[0m[2m:[0m Wrote segment device-telemetry/topics/device-telemetry/partition=2/segment-00000000000001487211.bin.zst with 64639 records (134218194 -> 52063451 bytes, 2.6x compression)
[2m2026-09-15T16:47:41.794662Z[0m [32m INFO[0m [2mkafka_backup_core::segment::writer[0m[2m:[0m Wrote segment device-telemetry/topics/device-telemetry/partition=5/segment-00000000000001551807.bin.zst with 64637 records (134218345 -> 52062743 bytes, 2.6x compression)
[2m2026-09-15T16:47:41.861172Z[0m [32m INFO[0m [2mkafka_backup_core::segment::writer[0m[2m:[0m Wrote segment device-telemetry/topics/device-telemetry/partition=4/segment-00000000000001551824.bin.zst with 64638 records (134219606 -> 52059593 bytes, 2.6x compression)
[2m2026-09-15T16:47:41.939491Z[0m [32m INFO[0m [2mkafka_backup_core::segment::writer[0m[2m:[0m Wrote segment device-telemetry/topics/device-telemetry/partition=1/segment-00000000000001551770.bin.zst with 64635 records (134218461 -> 52061903 bytes, 2.6x compression)
[2m2026-09-15T16:47:41.990766Z[0m [32m INFO[0m [2mkafka_backup_core::segment::writer[0m[2m:[0m Wrote segment device-telemetry/topics/device-telemetry/partition=0/segment-00000000000001551804.bin.zst with 64638 records (134218583 -> 52061621 bytes, 2.6x compression)
[2m2026-09-15T16:47:42.193111Z[0m [32m INFO[0m [2mkafka_backup_core::segment::writer[0m[2m:[0m Wrote segment device-telemetry/topics/device-telemetry/partition=3/segment-00000000000001551738.bin.zst with 64635 records (134218798 -> 52061242 bytes, 2.6x compression)
[2m2026-09-15T16:47:42.196065Z[0m [32m INFO[0m [2mkafka_backup_core::segment::writer[0m[2m:[0m Wrote segment device-telemetry/topics/device-telemetry/partition=2/segment-00000000000001551850.bin.zst with 64640 records (134217848 -> 52062532 bytes, 2.6x compression)
[2m2026-09-15T16:47:42.287975Z[0m [32m INFO[0m [2mkafka_backup_core::segment::writer[0m[2m:[0m Wrote segment device-telemetry/topics/device-telemetry/partition=5/segment-00000000000001616444.bin.zst with 64637 records (134219210 -> 52061313 bytes, 2.6x compression)
[2m2026-09-15T16:47:42.349069Z[0m [32m INFO[0m [2mkafka_backup_core::segment::writer[0m[2m:[0m Wrote segment device-telemetry/topics/device-telemetry/partition=4/segment-00000000000001616462.bin.zst with 64638 records (134219117 -> 52060416 bytes, 2.6x compression)
[2m2026-09-15T16:47:42.421827Z[0m [32m INFO[0m [2mkafka_backup_core::segment::writer[0m[2m:[0m Wrote segment device-telemetry/topics/device-telemetry/partition=1/segment-00000000000001616405.bin.zst with 64636 records (134219796 -> 52064268 bytes, 2.6x compression)
[2m2026-09-15T16:47:42.476536Z[0m [32m INFO[0m [2mkafka_backup_core::segment::writer[0m[2m:[0m Wrote segment device-telemetry/topics/device-telemetry/partition=0/segment-00000000000001616442.bin.zst with 64638 records (134219118 -> 52062733 bytes, 2.6x compression)
[2m2026-09-15T16:47:42.680575Z[0m [32m INFO[0m [2mkafka_backup_core::segment::writer[0m[2m:[0m Wrote segment device-telemetry/topics/device-telemetry/partition=3/segment-00000000000001616373.bin.zst with 64634 records (134219739 -> 52063956 bytes, 2.6x compression)
[2m2026-09-15T16:47:42.702235Z[0m [32m INFO[0m [2mkafka_backup_core::segment::writer[0m[2m:[0m Wrote segment device-telemetry/topics/device-telemetry/partition=2/segment-00000000000001616490.bin.zst with 64638 records (134218063 -> 52065212 bytes, 2.6x compression)
[2m2026-09-15T16:47:42.783031Z[0m [32m INFO[0m [2mkafka_backup_core::segment::writer[0m[2m:[0m Wrote segment device-telemetry/topics/device-telemetry/partition=5/segment-00000000000001681081.bin.zst with 64637 records (134218267 -> 52060746 bytes, 2.6x compression)
[2m2026-09-15T16:47:42.841987Z[0m [32m INFO[0m [2mkafka_backup_core::segment::writer[0m[2m:[0m Wrote segment device-telemetry/topics/device-telemetry/partition=4/segment-00000000000001681100.bin.zst with 64638 records (134217969 -> 52061048 bytes, 2.6x compression)
[2m2026-09-15T16:47:42.915549Z[0m [32m INFO[0m [2mkafka_backup_core::segment::writer[0m[2m:[0m Wrote segment device-telemetry/topics/device-telemetry/partition=1/segment-00000000000001681041.bin.zst with 64635 records (134218205 -> 52063076 bytes, 2.6x compression)
[2m2026-09-15T16:47:42.969786Z[0m [32m INFO[0m [2mkafka_backup_core::segment::writer[0m[2m:[0m Wrote segment device-telemetry/topics/device-telemetry/partition=0/segment-00000000000001681080.bin.zst with 64638 records (134219757 -> 52060806 bytes, 2.6x compression)
[2m2026-09-15T16:47:43.175223Z[0m [32m INFO[0m [2mkafka_backup_core::segment::writer[0m[2m:[0m Wrote segment device-telemetry/topics/device-telemetry/partition=3/segment-00000000000001681007.bin.zst with 64634 records (134219117 -> 52066620 bytes, 2.6x compression)
[2m2026-09-15T16:47:43.201749Z[0m [32m INFO[0m [2mkafka_backup_core::segment::writer[0m[2m:[0m Wrote segment device-telemetry/topics/device-telemetry/partition=2/segment-00000000000001681128.bin.zst with 64639 records (134218934 -> 52063051 bytes, 2.6x compression)
[2m2026-09-15T16:47:43.278340Z[0m [32m INFO[0m [2mkafka_backup_core::segment::writer[0m[2m:[0m Wrote segment device-telemetry/topics/device-telemetry/partition=5/segment-00000000000001745718.bin.zst with 64638 records (134217892 -> 52059858 bytes, 2.6x compression)
[2m2026-09-15T16:47:43.336745Z[0m [32m INFO[0m [2mkafka_backup_core::segment::writer[0m[2m:[0m Wrote segment device-telemetry/topics/device-telemetry/partition=4/segment-00000000000001745738.bin.zst with 64638 records (134219145 -> 52061236 bytes, 2.6x compression)
[2m2026-09-15T16:47:43.412291Z[0m [32m INFO[0m [2mkafka_backup_core::segment::writer[0m[2m:[0m Wrote segment device-telemetry/topics/device-telemetry/partition=1/segment-00000000000001745676.bin.zst with 64636 records (134218916 -> 52063533 bytes, 2.6x compression)
[2m2026-09-15T16:47:43.459523Z[0m [32m INFO[0m [2mkafka_backup_core::segment::writer[0m[2m:[0m Wrote segment device-telemetry/topics/device-telemetry/partition=0/segment-00000000000001745718.bin.zst with 64638 records (134218990 -> 52064078 bytes, 2.6x compression)
[2m2026-09-15T16:47:43.656602Z[0m [32m INFO[0m [2mkafka_backup_core::segment::writer[0m[2m:[0m Wrote segment device-telemetry/topics/device-telemetry/partition=3/segment-00000000000001745641.bin.zst with 64635 records (134218972 -> 52059150 bytes, 2.6x compression)
[2m2026-09-15T16:47:43.680984Z[0m [32m INFO[0m [2mkafka_backup_core::segment::writer[0m[2m:[0m Wrote segment device-telemetry/topics/device-telemetry/partition=2/segment-00000000000001745767.bin.zst with 64640 records (134219638 -> 52062718 bytes, 2.6x compression)
[2m2026-09-15T16:47:43.764292Z[0m [32m INFO[0m [2mkafka_backup_core::segment::writer[0m[2m:[0m Wrote segment device-telemetry/topics/device-telemetry/partition=5/segment-00000000000001810356.bin.zst with 64637 records (134219078 -> 52064474 bytes, 2.6x compression)
[2m2026-09-15T16:47:43.819882Z[0m [32m INFO[0m [2mkafka_backup_core::segment::writer[0m[2m:[0m Wrote segment device-telemetry/topics/device-telemetry/partition=4/segment-00000000000001810376.bin.zst with 64637 records (134217738 -> 52059592 bytes, 2.6x compression)
[2m2026-09-15T16:47:43.899856Z[0m [32m INFO[0m [2mkafka_backup_core::segment::writer[0m[2m:[0m Wrote segment device-telemetry/topics/device-telemetry/partition=1/segment-00000000000001810312.bin.zst with 64635 records (134218003 -> 52061287 bytes, 2.6x compression)
[2m2026-09-15T16:47:43.958082Z[0m [32m INFO[0m [2mkafka_backup_core::segment::writer[0m[2m:[0m Wrote segment device-telemetry/topics/device-telemetry/partition=0/segment-00000000000001810356.bin.zst with 64638 records (134219447 -> 52060082 bytes, 2.6x compression)
[2m2026-09-15T16:47:44.142003Z[0m [32m INFO[0m [2mkafka_backup_core::segment::writer[0m[2m:[0m Wrote segment device-telemetry/topics/device-telemetry/partition=3/segment-00000000000001810276.bin.zst with 64634 records (134218233 -> 52062536 bytes, 2.6x compression)
[2m2026-09-15T16:47:44.182325Z[0m [32m INFO[0m [2mkafka_backup_core::segment::writer[0m[2m:[0m Wrote segment device-telemetry/topics/device-telemetry/partition=2/segment-00000000000001810407.bin.zst with 64639 records (134219420 -> 52064872 bytes, 2.6x compression)
[2m2026-09-15T16:47:44.253897Z[0m [32m INFO[0m [2mkafka_backup_core::segment::writer[0m[2m:[0m Wrote segment device-telemetry/topics/device-telemetry/partition=5/segment-00000000000001874993.bin.zst with 64638 records (134219253 -> 52062150 bytes, 2.6x compression)
[2m2026-09-15T16:47:44.310544Z[0m [32m INFO[0m [2mkafka_backup_core::segment::writer[0m[2m:[0m Wrote segment device-telemetry/topics/device-telemetry/partition=4/segment-00000000000001875013.bin.zst with 64638 records (134219553 -> 52063232 bytes, 2.6x compression)
[2m2026-09-15T16:47:44.395293Z[0m [32m INFO[0m [2mkafka_backup_core::segment::writer[0m[2m:[0m Wrote segment device-telemetry/topics/device-telemetry/partition=1/segment-00000000000001874947.bin.zst with 64637 records (134218980 -> 52063219 bytes, 2.6x compression)
[2m2026-09-15T16:47:44.456105Z[0m [32m INFO[0m [2mkafka_backup_core::segment::writer[0m[2m:[0m Wrote segment device-telemetry/topics/device-telemetry/partition=0/segment-00000000000001874994.bin.zst with 64639 records (134219578 -> 52061577 bytes, 2.6x compression)
[2m2026-09-15T16:47:44.630163Z[0m [32m INFO[0m [2mkafka_backup_core::segment::writer[0m[2m:[0m Wrote segment device-telemetry/topics/device-telemetry/partition=3/segment-00000000000001874910.bin.zst with 64635 records (134219450 -> 52063366 bytes, 2.6x compression)
[2m2026-09-15T16:47:44.680984Z[0m [32m INFO[0m [2mkafka_backup_core::segment::writer[0m[2m:[0m Wrote segment device-telemetry/topics/device-telemetry/partition=2/segment-00000000000001875046.bin.zst with 64640 records (134217962 -> 52062655 bytes, 2.6x compression)
[2m2026-09-15T16:47:44.745451Z[0m [32m INFO[0m [2mkafka_backup_core::segment::writer[0m[2m:[0m Wrote segment device-telemetry/topics/device-telemetry/partition=5/segment-00000000000001939631.bin.zst with 64637 records (134218498 -> 52060859 bytes, 2.6x compression)
[2m2026-09-15T16:47:44.805578Z[0m [32m INFO[0m [2mkafka_backup_core::segment::writer[0m[2m:[0m Wrote segment device-telemetry/topics/device-telemetry/partition=4/segment-00000000000001939651.bin.zst with 64638 records (134218332 -> 52059654 bytes, 2.6x compression)
[2m2026-09-15T16:47:44.892503Z[0m [32m INFO[0m [2mkafka_backup_core::segment::writer[0m[2m:[0m Wrote segment device-telemetry/topics/device-telemetry/partition=1/segment-00000000000001939584.bin.zst with 64635 records (134218674 -> 52063968 bytes, 2.6x compression)
[2m2026-09-15T16:47:44.941692Z[0m [32m INFO[0m [2mkafka_backup_core::segment::writer[0m[2m:[0m Wrote segment device-telemetry/topics/device-telemetry/partition=0/segment-00000000000001939633.bin.zst with 64637 records (134218065 -> 52062171 bytes, 2.6x compression)
[2m2026-09-15T16:47:45.119543Z[0m [32m INFO[0m [2mkafka_backup_core::segment::writer[0m[2m:[0m Wrote segment device-telemetry/topics/device-telemetry/partition=3/segment-00000000000001939545.bin.zst with 64634 records (134218911 -> 52062821 bytes, 2.6x compression)
[2m2026-09-15T16:47:45.185264Z[0m [32m INFO[0m [2mkafka_backup_core::segment::writer[0m[2m:[0m Wrote segment device-telemetry/topics/device-telemetry/partition=2/segment-00000000000001939686.bin.zst with 64638 records (134218732 -> 52063358 bytes, 2.6x compression)
[2m2026-09-15T16:47:45.231731Z[0m [32m INFO[0m [2mkafka_backup_core::segment::writer[0m[2m:[0m Wrote segment device-telemetry/topics/device-telemetry/partition=5/segment-00000000000002004268.bin.zst with 64638 records (134218813 -> 52059731 bytes, 2.6x compression)
[2m2026-09-15T16:47:45.297756Z[0m [32m INFO[0m [2mkafka_backup_core::segment::writer[0m[2m:[0m Wrote segment device-telemetry/topics/device-telemetry/partition=4/segment-00000000000002004289.bin.zst with 64638 records (134219067 -> 52062403 bytes, 2.6x compression)
[2m2026-09-15T16:47:45.373703Z[0m [32m INFO[0m [2mkafka_backup_core::segment::writer[0m[2m:[0m Wrote segment device-telemetry/topics/device-telemetry/partition=1/segment-00000000000002004219.bin.zst with 64636 records (134218476 -> 52064273 bytes, 2.6x compression)
[2m2026-09-15T16:47:45.435394Z[0m [32m INFO[0m [2mkafka_backup_core::segment::writer[0m[2m:[0m Wrote segment device-telemetry/topics/device-telemetry/partition=0/segment-00000000000002004270.bin.zst with 64638 records (134219472 -> 52066843 bytes, 2.6x compression)
[2m2026-09-15T16:47:45.604732Z[0m [32m INFO[0m [2mkafka_backup_core::segment::writer[0m[2m:[0m Wrote segment device-telemetry/topics/device-telemetry/partition=3/segment-00000000000002004179.bin.zst with 64634 records (134217925 -> 52064667 bytes, 2.6x compression)
[2m2026-09-15T16:47:45.674195Z[0m [32m INFO[0m [2mkafka_backup_core::segment::writer[0m[2m:[0m Wrote segment device-telemetry/topics/device-telemetry/partition=2/segment-00000000000002004324.bin.zst with 64639 records (134218063 -> 52063161 bytes, 2.6x compression)
[2m2026-09-15T16:47:45.733043Z[0m [32m INFO[0m [2mkafka_backup_core::segment::writer[0m[2m:[0m Wrote segment device-telemetry/topics/device-telemetry/partition=5/segment-00000000000002068906.bin.zst with 64639 records (134219500 -> 52062137 bytes, 2.6x compression)
[2m2026-09-15T16:47:45.788876Z[0m [32m INFO[0m [2mkafka_backup_core::segment::writer[0m[2m:[0m Wrote segment device-telemetry/topics/device-telemetry/partition=4/segment-00000000000002068927.bin.zst with 64638 records (134219126 -> 52062682 bytes, 2.6x compression)
[2m2026-09-15T16:47:45.856746Z[0m [32m INFO[0m [2mkafka_backup_core::segment::writer[0m[2m:[0m Wrote segment device-telemetry/topics/device-telemetry/partition=1/segment-00000000000002068855.bin.zst with 64635 records (134217827 -> 52061382 bytes, 2.6x compression)
[2m2026-09-15T16:47:45.922262Z[0m [32m INFO[0m [2mkafka_backup_core::segment::writer[0m[2m:[0m Wrote segment device-telemetry/topics/device-telemetry/partition=0/segment-00000000000002068908.bin.zst with 64637 records (134219488 -> 52062553 bytes, 2.6x compression)
[2m2026-09-15T16:47:46.091281Z[0m [32m INFO[0m [2mkafka_backup_core::segment::writer[0m[2m:[0m Wrote segment device-telemetry/topics/device-telemetry/partition=3/segment-00000000000002068813.bin.zst with 64635 records (134218287 -> 52064261 bytes, 2.6x compression)
[2m2026-09-15T16:47:46.157771Z[0m [32m INFO[0m [2mkafka_backup_core::segment::writer[0m[2m:[0m Wrote segment device-telemetry/topics/device-telemetry/partition=2/segment-00000000000002068963.bin.zst with 64638 records (134219204 -> 52066745 bytes, 2.6x compression)
[2m2026-09-15T16:47:46.217300Z[0m [32m INFO[0m [2mkafka_backup_core::segment::writer[0m[2m:[0m Wrote segment device-telemetry/topics/device-telemetry/partition=5/segment-00000000000002133545.bin.zst with 64637 records (134217886 -> 52061648 bytes, 2.6x compression)
[2m2026-09-15T16:47:46.278503Z[0m [32m INFO[0m [2mkafka_backup_core::segment::writer[0m[2m:[0m Wrote segment device-telemetry/topics/device-telemetry/partition=4/segment-00000000000002133565.bin.zst with 64638 records (134219309 -> 52059632 bytes, 2.6x compression)
[2m2026-09-15T16:47:46.337378Z[0m [32m INFO[0m [2mkafka_backup_core::segment::writer[0m[2m:[0m Wrote segment device-telemetry/topics/device-telemetry/partition=1/segment-00000000000002133490.bin.zst with 64635 records (134218833 -> 52062944 bytes, 2.6x compression)
[2m2026-09-15T16:47:46.407819Z[0m [32m INFO[0m [2mkafka_backup_core::segment::writer[0m[2m:[0m Wrote segment device-telemetry/topics/device-telemetry/partition=0/segment-00000000000002133545.bin.zst with 64637 records (134218737 -> 52058819 bytes, 2.6x compression)
[2m2026-09-15T16:47:46.581081Z[0m [32m INFO[0m [2mkafka_backup_core::segment::writer[0m[2m:[0m Wrote segment device-telemetry/topics/device-telemetry/partition=3/segment-00000000000002133448.bin.zst with 64635 records (134218551 -> 52065357 bytes, 2.6x compression)
[2m2026-09-15T16:47:46.648114Z[0m [32m INFO[0m [2mkafka_backup_core::segment::writer[0m[2m:[0m Wrote segment device-telemetry/topics/device-telemetry/partition=2/segment-00000000000002133601.bin.zst with 64639 records (134218761 -> 52064817 bytes, 2.6x compression)
[2m2026-09-15T16:47:46.700588Z[0m [32m INFO[0m [2mkafka_backup_core::segment::writer[0m[2m:[0m Wrote segment device-telemetry/topics/device-telemetry/partition=5/segment-00000000000002198182.bin.zst with 64637 records (134218716 -> 52059776 bytes, 2.6x compression)
[2m2026-09-15T16:47:46.763898Z[0m [32m INFO[0m [2mkafka_backup_core::segment::writer[0m[2m:[0m Wrote segment device-telemetry/topics/device-telemetry/partition=4/segment-00000000000002198203.bin.zst with 64637 records (134217894 -> 52060790 bytes, 2.6x compression)
[2m2026-09-15T16:47:46.822874Z[0m [32m INFO[0m [2mkafka_backup_core::segment::writer[0m[2m:[0m Wrote segment device-telemetry/topics/device-telemetry/partition=1/segment-00000000000002198125.bin.zst with 64637 records (134219462 -> 52063742 bytes, 2.6x compression)
[2m2026-09-15T16:47:46.910862Z[0m [32m INFO[0m [2mkafka_backup_core::segment::writer[0m[2m:[0m Wrote segment device-telemetry/topics/device-telemetry/partition=0/segment-00000000000002198182.bin.zst with 64639 records (134219394 -> 52059744 bytes, 2.6x compression)
[2m2026-09-15T16:47:47.075209Z[0m [32m INFO[0m [2mkafka_backup_core::segment::writer[0m[2m:[0m Wrote segment device-telemetry/topics/device-telemetry/partition=3/segment-00000000000002198083.bin.zst with 64635 records (134219448 -> 52063231 bytes, 2.6x compression)
[2m2026-09-15T16:47:47.131611Z[0m [32m INFO[0m [2mkafka_backup_core::segment::writer[0m[2m:[0m Wrote segment device-telemetry/topics/device-telemetry/partition=2/segment-00000000000002198240.bin.zst with 64639 records (134218137 -> 52063537 bytes, 2.6x compression)
[2m2026-09-15T16:47:47.201928Z[0m [32m INFO[0m [2mkafka_backup_core::segment::writer[0m[2m:[0m Wrote segment device-telemetry/topics/device-telemetry/partition=5/segment-00000000000002262819.bin.zst with 64637 records (134217798 -> 52061028 bytes, 2.6x compression)
[2m2026-09-15T16:47:47.266039Z[0m [32m INFO[0m [2mkafka_backup_core::segment::writer[0m[2m:[0m Wrote segment device-telemetry/topics/device-telemetry/partition=4/segment-00000000000002262840.bin.zst with 64638 records (134218161 -> 52060480 bytes, 2.6x compression)
[2m2026-09-15T16:47:47.310956Z[0m [32m INFO[0m [2mkafka_backup_core::segment::writer[0m[2m:[0m Wrote segment device-telemetry/topics/device-telemetry/partition=1/segment-00000000000002262762.bin.zst with 64636 records (134218881 -> 52061903 bytes, 2.6x compression)
[2m2026-09-15T16:47:47.399237Z[0m [32m INFO[0m [2mkafka_backup_core::segment::writer[0m[2m:[0m Wrote segment device-telemetry/topics/device-telemetry/partition=0/segment-00000000000002262821.bin.zst with 64638 records (134219667 -> 52065262 bytes, 2.6x compression)
[2m2026-09-15T16:47:47.576232Z[0m [32m INFO[0m [2mkafka_backup_core::segment::writer[0m[2m:[0m Wrote segment device-telemetry/topics/device-telemetry/partition=3/segment-00000000000002262718.bin.zst with 64635 records (134219663 -> 52064368 bytes, 2.6x compression)
[2m2026-09-15T16:47:47.633864Z[0m [32m INFO[0m [2mkafka_backup_core::segment::writer[0m[2m:[0m Wrote segment device-telemetry/topics/device-telemetry/partition=2/segment-00000000000002262879.bin.zst with 64639 records (134218990 -> 52064376 bytes, 2.6x compression)
[2m2026-09-15T16:47:47.689502Z[0m [32m INFO[0m [2mkafka_backup_core::segment::writer[0m[2m:[0m Wrote segment device-telemetry/topics/device-telemetry/partition=5/segment-00000000000002327456.bin.zst with 64638 records (134219108 -> 52059710 bytes, 2.6x compression)
[2m2026-09-15T16:47:47.762858Z[0m [32m INFO[0m [2mkafka_backup_core::segment::writer[0m[2m:[0m Wrote segment device-telemetry/topics/device-telemetry/partition=4/segment-00000000000002327478.bin.zst with 64639 records (134219563 -> 52060235 bytes, 2.6x compression)
[2m2026-09-15T16:47:47.792616Z[0m [32m INFO[0m [2mkafka_backup_core::segment::writer[0m[2m:[0m Wrote segment device-telemetry/topics/device-telemetry/partition=1/segment-00000000000002327398.bin.zst with 64637 records (134219167 -> 52064933 bytes, 2.6x compression)
[2m2026-09-15T16:47:47.896351Z[0m [32m INFO[0m [2mkafka_backup_core::segment::writer[0m[2m:[0m Wrote segment device-telemetry/topics/device-telemetry/partition=0/segment-00000000000002327459.bin.zst with 64638 records (134218136 -> 52060850 bytes, 2.6x compression)
[2m2026-09-15T16:47:48.061838Z[0m [32m INFO[0m [2mkafka_backup_core::segment::writer[0m[2m:[0m Wrote segment device-telemetry/topics/device-telemetry/partition=3/segment-00000000000002327353.bin.zst with 64634 records (134217984 -> 52066535 bytes, 2.6x compression)
[2m2026-09-15T16:47:48.115267Z[0m [32m INFO[0m [2mkafka_backup_core::segment::writer[0m[2m:[0m Wrote segment device-telemetry/topics/device-telemetry/partition=2/segment-00000000000002327518.bin.zst with 64639 records (134219297 -> 52065939 bytes, 2.6x compression)
[2m2026-09-15T16:47:48.174340Z[0m [32m INFO[0m [2mkafka_backup_core::segment::writer[0m[2m:[0m Wrote segment device-telemetry/topics/device-telemetry/partition=5/segment-00000000000002392094.bin.zst with 64639 records (134219359 -> 52058702 bytes, 2.6x compression)
[2m2026-09-15T16:47:48.258881Z[0m [32m INFO[0m [2mkafka_backup_core::segment::writer[0m[2m:[0m Wrote segment device-telemetry/topics/device-telemetry/partition=4/segment-00000000000002392117.bin.zst with 64638 records (134218871 -> 52061136 bytes, 2.6x compression)
[2m2026-09-15T16:47:48.278403Z[0m [32m INFO[0m [2mkafka_backup_core::segment::writer[0m[2m:[0m Wrote segment device-telemetry/topics/device-telemetry/partition=1/segment-00000000000002392035.bin.zst with 64635 records (134218430 -> 52063511 bytes, 2.6x compression)
[2m2026-09-15T16:47:48.386663Z[0m [32m INFO[0m [2mkafka_backup_core::segment::writer[0m[2m:[0m Wrote segment device-telemetry/topics/device-telemetry/partition=0/segment-00000000000002392097.bin.zst with 64638 records (134218984 -> 52061885 bytes, 2.6x compression)
[2m2026-09-15T16:47:48.541654Z[0m [32m INFO[0m [2mkafka_backup_core::segment::writer[0m[2m:[0m Wrote segment device-telemetry/topics/device-telemetry/partition=3/segment-00000000000002391987.bin.zst with 64635 records (134218184 -> 52065750 bytes, 2.6x compression)
[2m2026-09-15T16:47:48.602730Z[0m [32m INFO[0m [2mkafka_backup_core::segment::writer[0m[2m:[0m Wrote segment device-telemetry/topics/device-telemetry/partition=2/segment-00000000000002392157.bin.zst with 64640 records (134219108 -> 52063798 bytes, 2.6x compression)
[2m2026-09-15T16:47:48.669057Z[0m [32m INFO[0m [2mkafka_backup_core::segment::writer[0m[2m:[0m Wrote segment device-telemetry/topics/device-telemetry/partition=5/segment-00000000000002456733.bin.zst with 64637 records (134218010 -> 52059670 bytes, 2.6x compression)
[2m2026-09-15T16:47:48.749503Z[0m [32m INFO[0m [2mkafka_backup_core::segment::writer[0m[2m:[0m Wrote segment device-telemetry/topics/device-telemetry/partition=4/segment-00000000000002456755.bin.zst with 64637 records (134218226 -> 52062597 bytes, 2.6x compression)
[2m2026-09-15T16:47:48.765507Z[0m [32m INFO[0m [2mkafka_backup_core::segment::writer[0m[2m:[0m Wrote segment device-telemetry/topics/device-telemetry/partition=1/segment-00000000000002456670.bin.zst with 64636 records (134218026 -> 52060121 bytes, 2.6x compression)
[2m2026-09-15T16:47:48.893045Z[0m [32m INFO[0m [2mkafka_backup_core::segment::writer[0m[2m:[0m Wrote segment device-telemetry/topics/device-telemetry/partition=0/segment-00000000000002456735.bin.zst with 64638 records (134218978 -> 52061660 bytes, 2.6x compression)
[2m2026-09-15T16:47:49.047185Z[0m [32m INFO[0m [2mkafka_backup_core::segment::writer[0m[2m:[0m Wrote segment device-telemetry/topics/device-telemetry/partition=3/segment-00000000000002456622.bin.zst with 64634 records (134218328 -> 52064303 bytes, 2.6x compression)
[2m2026-09-15T16:47:49.110483Z[0m [32m INFO[0m [2mkafka_backup_core::segment::writer[0m[2m:[0m Wrote segment device-telemetry/topics/device-telemetry/partition=2/segment-00000000000002456797.bin.zst with 64639 records (134217935 -> 52060574 bytes, 2.6x compression)
[2m2026-09-15T16:47:49.165620Z[0m [32m INFO[0m [2mkafka_backup_core::segment::writer[0m[2m:[0m Wrote segment device-telemetry/topics/device-telemetry/partition=5/segment-00000000000002521370.bin.zst with 64637 records (134219293 -> 52062283 bytes, 2.6x compression)
[2m2026-09-15T16:47:49.259876Z[0m [32m INFO[0m [2mkafka_backup_core::segment::writer[0m[2m:[0m Wrote segment device-telemetry/topics/device-telemetry/partition=4/segment-00000000000002521392.bin.zst with 64639 records (134218435 -> 52060181 bytes, 2.6x compression)
[2m2026-09-15T16:47:49.269071Z[0m [32m INFO[0m [2mkafka_backup_core::segment::writer[0m[2m:[0m Wrote segment device-telemetry/topics/device-telemetry/partition=1/segment-00000000000002521306.bin.zst with 64635 records (134217752 -> 52063775 bytes, 2.6x compression)
[2m2026-09-15T16:47:49.403625Z[0m [32m INFO[0m [2mkafka_backup_core::segment::writer[0m[2m:[0m Wrote segment device-telemetry/topics/device-telemetry/partition=0/segment-00000000000002521373.bin.zst with 64638 records (134219256 -> 52059922 bytes, 2.6x compression)
[2m2026-09-15T16:47:49.540670Z[0m [32m INFO[0m [2mkafka_backup_core::segment::writer[0m[2m:[0m Wrote segment device-telemetry/topics/device-telemetry/partition=3/segment-00000000000002521256.bin.zst with 64634 records (134217953 -> 52062851 bytes, 2.6x compression)
[2m2026-09-15T16:47:49.604016Z[0m [32m INFO[0m [2mkafka_backup_core::segment::writer[0m[2m:[0m Wrote segment device-telemetry/topics/device-telemetry/partition=2/segment-00000000000002521436.bin.zst with 64639 records (134219546 -> 52063353 bytes, 2.6x compression)
[2m2026-09-15T16:47:49.680045Z[0m [32m INFO[0m [2mkafka_backup_core::segment::writer[0m[2m:[0m Wrote segment device-telemetry/topics/device-telemetry/partition=5/segment-00000000000002586007.bin.zst with 64638 records (134217974 -> 52058228 bytes, 2.6x compression)
[2m2026-09-15T16:47:49.771093Z[0m [32m INFO[0m [2mkafka_backup_core::segment::writer[0m[2m:[0m Wrote segment device-telemetry/topics/device-telemetry/partition=1/segment-00000000000002585941.bin.zst with 64636 records (134218382 -> 52061140 bytes, 2.6x compression)
[2m2026-09-15T16:47:49.771551Z[0m [32m INFO[0m [2mkafka_backup_core::segment::writer[0m[2m:[0m Wrote segment device-telemetry/topics/device-telemetry/partition=4/segment-00000000000002586031.bin.zst with 64639 records (134218788 -> 52060104 bytes, 2.6x compression)
[2m2026-09-15T16:47:49.894643Z[0m [32m INFO[0m [2mkafka_backup_core::segment::writer[0m[2m:[0m Wrote segment device-telemetry/topics/device-telemetry/partition=0/segment-00000000000002586011.bin.zst with 64638 records (134219644 -> 52062397 bytes, 2.6x compression)
[2m2026-09-15T16:47:50.034657Z[0m [32m INFO[0m [2mkafka_backup_core::segment::writer[0m[2m:[0m Wrote segment device-telemetry/topics/device-telemetry/partition=3/segment-00000000000002585890.bin.zst with 64635 records (134218244 -> 52063129 bytes, 2.6x compression)
[2m2026-09-15T16:47:50.090768Z[0m [32m INFO[0m [2mkafka_backup_core::segment::writer[0m[2m:[0m Wrote segment device-telemetry/topics/device-telemetry/partition=2/segment-00000000000002586075.bin.zst with 64639 records (134217755 -> 52063199 bytes, 2.6x compression)
[2m2026-09-15T16:47:50.173713Z[0m [32m INFO[0m [2mkafka_backup_core::segment::writer[0m[2m:[0m Wrote segment device-telemetry/topics/device-telemetry/partition=5/segment-00000000000002650645.bin.zst with 64639 records (134219744 -> 52060813 bytes, 2.6x compression)
[2m2026-09-15T16:47:50.275264Z[0m [32m INFO[0m [2mkafka_backup_core::segment::writer[0m[2m:[0m Wrote segment device-telemetry/topics/device-telemetry/partition=1/segment-00000000000002650577.bin.zst with 64636 records (134218805 -> 52062212 bytes, 2.6x compression)
[2m2026-09-15T16:47:50.275593Z[0m [32m INFO[0m [2mkafka_backup_core::segment::writer[0m[2m:[0m Wrote segment device-telemetry/topics/device-telemetry/partition=4/segment-00000000000002650670.bin.zst with 64638 records (134217992 -> 52057559 bytes, 2.6x compression)
[2m2026-09-15T16:47:50.385755Z[0m [32m INFO[0m [2mkafka_backup_core::segment::writer[0m[2m:[0m Wrote segment device-telemetry/topics/device-telemetry/partition=0/segment-00000000000002650649.bin.zst with 64638 records (134218933 -> 52059929 bytes, 2.6x compression)
[2m2026-09-15T16:47:50.532669Z[0m [32m INFO[0m [2mkafka_backup_core::segment::writer[0m[2m:[0m Wrote segment device-telemetry/topics/device-telemetry/partition=3/segment-00000000000002650525.bin.zst with 64635 records (134219472 -> 52063231 bytes, 2.6x compression)
[2m2026-09-15T16:47:50.585928Z[0m [32m INFO[0m [2mkafka_backup_core::segment::writer[0m[2m:[0m Wrote segment device-telemetry/topics/device-telemetry/partition=2/segment-00000000000002650714.bin.zst with 64640 records (134218693 -> 52063495 bytes, 2.6x compression)
[2m2026-09-15T16:47:50.659497Z[0m [32m INFO[0m [2mkafka_backup_core::segment::writer[0m[2m:[0m Wrote segment device-telemetry/topics/device-telemetry/partition=5/segment-00000000000002715284.bin.zst with 64637 records (134218667 -> 52060296 bytes, 2.6x compression)
[2m2026-09-15T16:47:50.770099Z[0m [32m INFO[0m [2mkafka_backup_core::segment::writer[0m[2m:[0m Wrote segment device-telemetry/topics/device-telemetry/partition=4/segment-00000000000002715308.bin.zst with 64637 records (134218702 -> 52064048 bytes, 2.6x compression)
[2m2026-09-15T16:47:50.770814Z[0m [32m INFO[0m [2mkafka_backup_core::segment::writer[0m[2m:[0m Wrote segment device-telemetry/topics/device-telemetry/partition=1/segment-00000000000002715213.bin.zst with 64636 records (134219287 -> 52065288 bytes, 2.6x compression)
[2m2026-09-15T16:47:50.887479Z[0m [32m INFO[0m [2mkafka_backup_core::segment::writer[0m[2m:[0m Wrote segment device-telemetry/topics/device-telemetry/partition=0/segment-00000000000002715287.bin.zst with 64638 records (134218841 -> 52060807 bytes, 2.6x compression)
[2m2026-09-15T16:47:51.025202Z[0m [32m INFO[0m [2mkafka_backup_core::segment::writer[0m[2m:[0m Wrote segment device-telemetry/topics/device-telemetry/partition=3/segment-00000000000002715160.bin.zst with 64634 records (134218131 -> 52063637 bytes, 2.6x compression)
[2m2026-09-15T16:47:51.085014Z[0m [32m INFO[0m [2mkafka_backup_core::segment::writer[0m[2m:[0m Wrote segment device-telemetry/topics/device-telemetry/partition=2/segment-00000000000002715354.bin.zst with 64639 records (134218901 -> 52064997 bytes, 2.6x compression)
[2m2026-09-15T16:47:51.149271Z[0m [32m INFO[0m [2mkafka_backup_core::segment::writer[0m[2m:[0m Wrote segment device-telemetry/topics/device-telemetry/partition=5/segment-00000000000002779921.bin.zst with 64637 records (134218073 -> 52060010 bytes, 2.6x compression)
[2m2026-09-15T16:47:51.278787Z[0m [32m INFO[0m [2mkafka_backup_core::segment::writer[0m[2m:[0m Wrote segment device-telemetry/topics/device-telemetry/partition=4/segment-00000000000002779945.bin.zst with 64639 records (134219629 -> 52062266 bytes, 2.6x compression)
[2m2026-09-15T16:47:51.279082Z[0m [32m INFO[0m [2mkafka_backup_core::segment::writer[0m[2m:[0m Wrote segment device-telemetry/topics/device-telemetry/partition=1/segment-00000000000002779849.bin.zst with 64637 records (134218883 -> 52060578 bytes, 2.6x compression)
[2m2026-09-15T16:47:51.388104Z[0m [32m INFO[0m [2mkafka_backup_core::segment::writer[0m[2m:[0m Wrote segment device-telemetry/topics/device-telemetry/partition=0/segment-00000000000002779925.bin.zst with 64637 records (134218042 -> 52060483 bytes, 2.6x compression)
[2m2026-09-15T16:47:51.521975Z[0m [32m INFO[0m [2mkafka_backup_core::segment::writer[0m[2m:[0m Wrote segment device-telemetry/topics/device-telemetry/partition=3/segment-00000000000002779794.bin.zst with 64634 records (134218233 -> 52064175 bytes, 2.6x compression)
[2m2026-09-15T16:47:51.574514Z[0m [32m INFO[0m [2mkafka_backup_core::segment::writer[0m[2m:[0m Wrote segment device-telemetry/topics/device-telemetry/partition=2/segment-00000000000002779993.bin.zst with 64638 records (134219318 -> 52067219 bytes, 2.6x compression)
[2m2026-09-15T16:47:51.644241Z[0m [32m INFO[0m [2mkafka_backup_core::segment::writer[0m[2m:[0m Wrote segment device-telemetry/topics/device-telemetry/partition=5/segment-00000000000002844558.bin.zst with 64637 records (134219103 -> 52061426 bytes, 2.6x compression)
[2m2026-09-15T16:47:51.796705Z[0m [32m INFO[0m [2mkafka_backup_core::segment::writer[0m[2m:[0m Wrote segment device-telemetry/topics/device-telemetry/partition=1/segment-00000000000002844486.bin.zst with 64636 records (134218431 -> 52062119 bytes, 2.6x compression)
[2m2026-09-15T16:47:51.798713Z[0m [32m INFO[0m [2mkafka_backup_core::segment::writer[0m[2m:[0m Wrote segment device-telemetry/topics/device-telemetry/partition=4/segment-00000000000002844584.bin.zst with 64637 records (134217951 -> 52060626 bytes, 2.6x compression)
[2m2026-09-15T16:47:51.886833Z[0m [32m INFO[0m [2mkafka_backup_core::segment::writer[0m[2m:[0m Wrote segment device-telemetry/topics/device-telemetry/partition=0/segment-00000000000002844562.bin.zst with 64638 records (134218802 -> 52061079 bytes, 2.6x compression)
[2m2026-09-15T16:47:52.004455Z[0m [32m INFO[0m [2mkafka_backup_core::segment::writer[0m[2m:[0m Wrote segment device-telemetry/topics/device-telemetry/partition=3/segment-00000000000002844428.bin.zst with 64634 records (134218058 -> 52061129 bytes, 2.6x compression)
[2m2026-09-15T16:47:52.067178Z[0m [32m INFO[0m [2mkafka_backup_core::segment::writer[0m[2m:[0m Wrote segment device-telemetry/topics/device-telemetry/partition=2/segment-00000000000002844631.bin.zst with 64640 records (134219299 -> 52065563 bytes, 2.6x compression)
[2m2026-09-15T16:47:52.126510Z[0m [32m INFO[0m [2mkafka_backup_core::segment::writer[0m[2m:[0m Wrote segment device-telemetry/topics/device-telemetry/partition=5/segment-00000000000002909195.bin.zst with 64637 records (134219424 -> 52063751 bytes, 2.6x compression)
[2m2026-09-15T16:47:52.282417Z[0m [32m INFO[0m [2mkafka_backup_core::segment::writer[0m[2m:[0m Wrote segment device-telemetry/topics/device-telemetry/partition=1/segment-00000000000002909122.bin.zst with 64636 records (134219099 -> 52063576 bytes, 2.6x compression)
[2m2026-09-15T16:47:52.293770Z[0m [32m INFO[0m [2mkafka_backup_core::segment::writer[0m[2m:[0m Wrote segment device-telemetry/topics/device-telemetry/partition=4/segment-00000000000002909221.bin.zst with 64638 records (134218500 -> 52059950 bytes, 2.6x compression)
[2m2026-09-15T16:47:52.375380Z[0m [32m INFO[0m [2mkafka_backup_core::segment::writer[0m[2m:[0m Wrote segment device-telemetry/topics/device-telemetry/partition=0/segment-00000000000002909200.bin.zst with 64636 records (134217864 -> 52064555 bytes, 2.6x compression)
[2m2026-09-15T16:47:52.491427Z[0m [32m INFO[0m [2mkafka_backup_core::segment::writer[0m[2m:[0m Wrote segment device-telemetry/topics/device-telemetry/partition=3/segment-00000000000002909062.bin.zst with 64634 records (134218080 -> 52064292 bytes, 2.6x compression)
[2m2026-09-15T16:47:52.556626Z[0m [32m INFO[0m [2mkafka_backup_core::segment::writer[0m[2m:[0m Wrote segment device-telemetry/topics/device-telemetry/partition=2/segment-00000000000002909271.bin.zst with 64639 records (134218100 -> 52066113 bytes, 2.6x compression)
[2m2026-09-15T16:47:52.618038Z[0m [32m INFO[0m [2mkafka_backup_core::segment::writer[0m[2m:[0m Wrote segment device-telemetry/topics/device-telemetry/partition=5/segment-00000000000002973832.bin.zst with 64638 records (134219107 -> 52056551 bytes, 2.6x compression)
[2m2026-09-15T16:47:52.772138Z[0m [32m INFO[0m [2mkafka_backup_core::segment::writer[0m[2m:[0m Wrote segment device-telemetry/topics/device-telemetry/partition=1/segment-00000000000002973758.bin.zst with 64636 records (134219693 -> 52064229 bytes, 2.6x compression)
[2m2026-09-15T16:47:52.799077Z[0m [32m INFO[0m [2mkafka_backup_core::segment::writer[0m[2m:[0m Wrote segment device-telemetry/topics/device-telemetry/partition=4/segment-00000000000002973859.bin.zst with 64637 records (134218483 -> 52062409 bytes, 2.6x compression)
[2m2026-09-15T16:47:52.858471Z[0m [32m INFO[0m [2mkafka_backup_core::segment::writer[0m[2m:[0m Wrote segment device-telemetry/topics/device-telemetry/partition=0/segment-00000000000002973836.bin.zst with 64637 records (134218279 -> 52063430 bytes, 2.6x compression)
[2m2026-09-15T16:47:52.978989Z[0m [32m INFO[0m [2mkafka_backup_core::segment::writer[0m[2m:[0m Wrote segment device-telemetry/topics/device-telemetry/partition=3/segment-00000000000002973696.bin.zst with 64634 records (134218444 -> 52064549 bytes, 2.6x compression)
[2m2026-09-15T16:47:53.048209Z[0m [32m INFO[0m [2mkafka_backup_core::segment::writer[0m[2m:[0m Wrote segment device-telemetry/topics/device-telemetry/partition=2/segment-00000000000002973910.bin.zst with 64639 records (134218145 -> 52064263 bytes, 2.6x compression)
[2m2026-09-15T16:47:53.106064Z[0m [32m INFO[0m [2mkafka_backup_core::segment::writer[0m[2m:[0m Wrote segment device-telemetry/topics/device-telemetry/partition=5/segment-00000000000003038470.bin.zst with 64635 records (134218058 -> 52059838 bytes, 2.6x compression)
[2m2026-09-15T16:47:53.263622Z[0m [32m INFO[0m [2mkafka_backup_core::segment::writer[0m[2m:[0m Wrote segment device-telemetry/topics/device-telemetry/partition=1/segment-00000000000003038394.bin.zst with 64636 records (134217986 -> 52062979 bytes, 2.6x compression)
[2m2026-09-15T16:47:53.282504Z[0m [32m INFO[0m [2mkafka_backup_core::segment::writer[0m[2m:[0m Wrote segment device-telemetry/topics/device-telemetry/partition=4/segment-00000000000003038496.bin.zst with 64638 records (134218314 -> 52058496 bytes, 2.6x compression)
[2m2026-09-15T16:47:53.355480Z[0m [32m INFO[0m [2mkafka_backup_core::segment::writer[0m[2m:[0m Wrote segment device-telemetry/topics/device-telemetry/partition=0/segment-00000000000003038473.bin.zst with 64637 records (134218975 -> 52061892 bytes, 2.6x compression)
[2m2026-09-15T16:47:53.475813Z[0m [32m INFO[0m [2mkafka_backup_core::segment::writer[0m[2m:[0m Wrote segment device-telemetry/topics/device-telemetry/partition=3/segment-00000000000003038330.bin.zst with 64635 records (134218879 -> 52064966 bytes, 2.6x compression)
[2m2026-09-15T16:47:53.540033Z[0m [32m INFO[0m [2mkafka_backup_core::segment::writer[0m[2m:[0m Wrote segment device-telemetry/topics/device-telemetry/partition=2/segment-00000000000003038549.bin.zst with 64639 records (134218690 -> 52063441 bytes, 2.6x compression)
[2m2026-09-15T16:47:53.594620Z[0m [32m INFO[0m [2mkafka_backup_core::segment::writer[0m[2m:[0m Wrote segment device-telemetry/topics/device-telemetry/partition=5/segment-00000000000003103105.bin.zst with 64638 records (134219436 -> 52059780 bytes, 2.6x compression)
[2m2026-09-15T16:47:53.778848Z[0m [32m INFO[0m [2mkafka_backup_core::segment::writer[0m[2m:[0m Wrote segment device-telemetry/topics/device-telemetry/partition=4/segment-00000000000003103134.bin.zst with 64638 records (134218724 -> 52060884 bytes, 2.6x compression)
[2m2026-09-15T16:47:53.785344Z[0m [32m INFO[0m [2mkafka_backup_core::segment::writer[0m[2m:[0m Wrote segment device-telemetry/topics/device-telemetry/partition=1/segment-00000000000003103030.bin.zst with 64635 records (134217972 -> 52063255 bytes, 2.6x compression)
[2m2026-09-15T16:47:53.847944Z[0m [32m INFO[0m [2mkafka_backup_core::segment::writer[0m[2m:[0m Wrote segment device-telemetry/topics/device-telemetry/partition=0/segment-00000000000003103110.bin.zst with 64637 records (134217965 -> 52062620 bytes, 2.6x compression)
[2m2026-09-15T16:47:53.977899Z[0m [32m INFO[0m [2mkafka_backup_core::segment::writer[0m[2m:[0m Wrote segment device-telemetry/topics/device-telemetry/partition=3/segment-00000000000003102965.bin.zst with 64635 records (134218468 -> 52063992 bytes, 2.6x compression)
[2m2026-09-15T16:47:54.031898Z[0m [32m INFO[0m [2mkafka_backup_core::segment::writer[0m[2m:[0m Wrote segment device-telemetry/topics/device-telemetry/partition=2/segment-00000000000003103188.bin.zst with 64640 records (134219300 -> 52062578 bytes, 2.6x compression)
[2m2026-09-15T16:47:54.082540Z[0m [32m INFO[0m [2mkafka_backup_core::segment::writer[0m[2m:[0m Wrote segment device-telemetry/topics/device-telemetry/partition=5/segment-00000000000003167743.bin.zst with 64637 records (134218924 -> 52061653 bytes, 2.6x compression)
[2m2026-09-15T16:47:54.273668Z[0m [32m INFO[0m [2mkafka_backup_core::segment::writer[0m[2m:[0m Wrote segment device-telemetry/topics/device-telemetry/partition=4/segment-00000000000003167772.bin.zst with 64637 records (134217850 -> 52061961 bytes, 2.6x compression)
[2m2026-09-15T16:47:54.286096Z[0m [32m INFO[0m [2mkafka_backup_core::segment::writer[0m[2m:[0m Wrote segment device-telemetry/topics/device-telemetry/partition=1/segment-00000000000003167665.bin.zst with 64636 records (134218827 -> 52063574 bytes, 2.6x compression)
[2m2026-09-15T16:47:54.346095Z[0m [32m INFO[0m [2mkafka_backup_core::segment::writer[0m[2m:[0m Wrote segment device-telemetry/topics/device-telemetry/partition=0/segment-00000000000003167747.bin.zst with 64638 records (134218855 -> 52062610 bytes, 2.6x compression)
[2m2026-09-15T16:47:54.474762Z[0m [32m INFO[0m [2mkafka_backup_core::segment::writer[0m[2m:[0m Wrote segment device-telemetry/topics/device-telemetry/partition=3/segment-00000000000003167600.bin.zst with 64634 records (134218825 -> 52063146 bytes, 2.6x compression)
[2m2026-09-15T16:47:54.540663Z[0m [32m INFO[0m [2mkafka_backup_core::segment::writer[0m[2m:[0m Wrote segment device-telemetry/topics/device-telemetry/partition=2/segment-00000000000003167828.bin.zst with 64640 records (134219575 -> 52063678 bytes, 2.6x compression)
[2m2026-09-15T16:47:54.582584Z[0m [32m INFO[0m [2mkafka_backup_core::segment::writer[0m[2m:[0m Wrote segment device-telemetry/topics/device-telemetry/partition=5/segment-00000000000003232380.bin.zst with 64638 records (134219637 -> 52061648 bytes, 2.6x compression)
[2m2026-09-15T16:47:54.766791Z[0m [32m INFO[0m [2mkafka_backup_core::segment::writer[0m[2m:[0m Wrote segment device-telemetry/topics/device-telemetry/partition=4/segment-00000000000003232409.bin.zst with 64637 records (134217746 -> 52062375 bytes, 2.6x compression)
[2m2026-09-15T16:47:54.784800Z[0m [32m INFO[0m [2mkafka_backup_core::segment::writer[0m[2m:[0m Wrote segment device-telemetry/topics/device-telemetry/partition=1/segment-00000000000003232301.bin.zst with 64636 records (134219618 -> 52066696 bytes, 2.6x compression)
[2m2026-09-15T16:47:54.835227Z[0m [32m INFO[0m [2mkafka_backup_core::segment::writer[0m[2m:[0m Wrote segment device-telemetry/topics/device-telemetry/partition=0/segment-00000000000003232385.bin.zst with 64636 records (134217970 -> 52062533 bytes, 2.6x compression)
[2m2026-09-15T16:47:54.959160Z[0m [32m INFO[0m [2mkafka_backup_core::segment::writer[0m[2m:[0m Wrote segment device-telemetry/topics/device-telemetry/partition=3/segment-00000000000003232234.bin.zst with 64634 records (134218716 -> 52065871 bytes, 2.6x compression)
[2m2026-09-15T16:47:55.027902Z[0m [32m INFO[0m [2mkafka_backup_core::segment::writer[0m[2m:[0m Wrote segment device-telemetry/topics/device-telemetry/partition=2/segment-00000000000003232468.bin.zst with 64639 records (134218767 -> 52063632 bytes, 2.6x compression)
[2m2026-09-15T16:47:55.076492Z[0m [32m INFO[0m [2mkafka_backup_core::segment::writer[0m[2m:[0m Wrote segment device-telemetry/topics/device-telemetry/partition=5/segment-00000000000003297018.bin.zst with 64638 records (134219571 -> 52059773 bytes, 2.6x compression)
[2m2026-09-15T16:47:55.259665Z[0m [32m INFO[0m [2mkafka_backup_core::segment::writer[0m[2m:[0m Wrote segment device-telemetry/topics/device-telemetry/partition=4/segment-00000000000003297046.bin.zst with 64638 records (134218708 -> 52059893 bytes, 2.6x compression)
[2m2026-09-15T16:47:55.274150Z[0m [32m INFO[0m [2mkafka_backup_core::segment::writer[0m[2m:[0m Wrote segment device-telemetry/topics/device-telemetry/partition=1/segment-00000000000003296937.bin.zst with 64636 records (134219094 -> 52062019 bytes, 2.6x compression)
[2m2026-09-15T16:47:55.346159Z[0m [32m INFO[0m [2mkafka_backup_core::segment::writer[0m[2m:[0m Wrote segment device-telemetry/topics/device-telemetry/partition=0/segment-00000000000003297021.bin.zst with 64637 records (134217755 -> 52061131 bytes, 2.6x compression)
[2m2026-09-15T16:47:55.448567Z[0m [32m INFO[0m [2mkafka_backup_core::segment::writer[0m[2m:[0m Wrote segment device-telemetry/topics/device-telemetry/partition=3/segment-00000000000003296868.bin.zst with 64634 records (134218594 -> 52064844 bytes, 2.6x compression)
[2m2026-09-15T16:47:55.520812Z[0m [32m INFO[0m [2mkafka_backup_core::segment::writer[0m[2m:[0m Wrote segment device-telemetry/topics/device-telemetry/partition=2/segment-00000000000003297107.bin.zst with 64639 records (134218521 -> 52064316 bytes, 2.6x compression)
[2m2026-09-15T16:47:55.573451Z[0m [32m INFO[0m [2mkafka_backup_core::segment::writer[0m[2m:[0m Wrote segment device-telemetry/topics/device-telemetry/partition=5/segment-00000000000003361656.bin.zst with 64637 records (134218678 -> 52062508 bytes, 2.6x compression)
[2m2026-09-15T16:47:55.743716Z[0m [32m INFO[0m [2mkafka_backup_core::segment::writer[0m[2m:[0m Wrote segment device-telemetry/topics/device-telemetry/partition=4/segment-00000000000003361684.bin.zst with 64639 records (134219681 -> 52060415 bytes, 2.6x compression)
[2m2026-09-15T16:47:55.763967Z[0m [32m INFO[0m [2mkafka_backup_core::segment::writer[0m[2m:[0m Wrote segment device-telemetry/topics/device-telemetry/partition=1/segment-00000000000003361573.bin.zst with 64636 records (134218165 -> 52063929 bytes, 2.6x compression)
[2m2026-09-15T16:47:55.834738Z[0m [32m INFO[0m [2mkafka_backup_core::segment::writer[0m[2m:[0m Wrote segment device-telemetry/topics/device-telemetry/partition=0/segment-00000000000003361658.bin.zst with 64638 records (134219262 -> 52063509 bytes, 2.6x compression)
[2m2026-09-15T16:47:55.940303Z[0m [32m INFO[0m [2mkafka_backup_core::segment::writer[0m[2m:[0m Wrote segment device-telemetry/topics/device-telemetry/partition=3/segment-00000000000003361502.bin.zst with 64634 records (134218151 -> 52064410 bytes, 2.6x compression)
[2m2026-09-15T16:47:56.010083Z[0m [32m INFO[0m [2mkafka_backup_core::segment::writer[0m[2m:[0m Wrote segment device-telemetry/topics/device-telemetry/partition=2/segment-00000000000003361746.bin.zst with 64639 records (134218378 -> 52066413 bytes, 2.6x compression)
[2m2026-09-15T16:47:56.057686Z[0m [32m INFO[0m [2mkafka_backup_core::segment::writer[0m[2m:[0m Wrote segment device-telemetry/topics/device-telemetry/partition=5/segment-00000000000003426293.bin.zst with 64637 records (134219359 -> 52061375 bytes, 2.6x compression)
[2m2026-09-15T16:47:56.244896Z[0m [32m INFO[0m [2mkafka_backup_core::segment::writer[0m[2m:[0m Wrote segment device-telemetry/topics/device-telemetry/partition=4/segment-00000000000003426323.bin.zst with 64638 records (134219347 -> 52063652 bytes, 2.6x compression)
[2m2026-09-15T16:47:56.250597Z[0m [32m INFO[0m [2mkafka_backup_core::segment::writer[0m[2m:[0m Wrote segment device-telemetry/topics/device-telemetry/partition=1/segment-00000000000003426209.bin.zst with 64636 records (134218051 -> 52064477 bytes, 2.6x compression)
[2m2026-09-15T16:47:56.347211Z[0m [32m INFO[0m [2mkafka_backup_core::segment::writer[0m[2m:[0m Wrote segment device-telemetry/topics/device-telemetry/partition=0/segment-00000000000003426296.bin.zst with 64638 records (134217833 -> 52061309 bytes, 2.6x compression)
[2m2026-09-15T16:47:56.452691Z[0m [32m INFO[0m [2mkafka_backup_core::segment::writer[0m[2m:[0m Wrote segment device-telemetry/topics/device-telemetry/partition=3/segment-00000000000003426136.bin.zst with 64635 records (134218426 -> 52061487 bytes, 2.6x compression)
[2m2026-09-15T16:47:56.513517Z[0m [32m INFO[0m [2mkafka_backup_core::segment::writer[0m[2m:[0m Wrote segment device-telemetry/topics/device-telemetry/partition=2/segment-00000000000003426385.bin.zst with 64639 records (134219489 -> 52064247 bytes, 2.6x compression)
[2m2026-09-15T16:47:56.562437Z[0m [32m INFO[0m [2mkafka_backup_core::segment::writer[0m[2m:[0m Wrote segment device-telemetry/topics/device-telemetry/partition=5/segment-00000000000003490930.bin.zst with 64637 records (134219571 -> 52063701 bytes, 2.6x compression)
[2m2026-09-15T16:47:56.770008Z[0m [32m INFO[0m [2mkafka_backup_core::segment::writer[0m[2m:[0m Wrote segment device-telemetry/topics/device-telemetry/partition=4/segment-00000000000003490961.bin.zst with 64637 records (134219088 -> 52062546 bytes, 2.6x compression)
[2m2026-09-15T16:47:56.775909Z[0m [32m INFO[0m [2mkafka_backup_core::segment::writer[0m[2m:[0m Wrote segment device-telemetry/topics/device-telemetry/partition=1/segment-00000000000003490845.bin.zst with 64637 records (134218833 -> 52060743 bytes, 2.6x compression)
[2m2026-09-15T16:47:56.850857Z[0m [32m INFO[0m [2mkafka_backup_core::segment::writer[0m[2m:[0m Wrote segment device-telemetry/topics/device-telemetry/partition=0/segment-00000000000003490934.bin.zst with 64636 records (134218004 -> 52062093 bytes, 2.6x compression)
[2m2026-09-15T16:47:56.945823Z[0m [32m INFO[0m [2mkafka_backup_core::segment::writer[0m[2m:[0m Wrote segment device-telemetry/topics/device-telemetry/partition=3/segment-00000000000003490771.bin.zst with 64635 records (134218691 -> 52063535 bytes, 2.6x compression)
[2m2026-09-15T16:47:57.003759Z[0m [32m INFO[0m [2mkafka_backup_core::segment::writer[0m[2m:[0m Wrote segment device-telemetry/topics/device-telemetry/partition=2/segment-00000000000003491024.bin.zst with 64639 records (134218859 -> 52062401 bytes, 2.6x compression)
[2m2026-09-15T16:47:57.061671Z[0m [32m INFO[0m [2mkafka_backup_core::segment::writer[0m[2m:[0m Wrote segment device-telemetry/topics/device-telemetry/partition=5/segment-00000000000003555567.bin.zst with 64638 records (134218328 -> 52057923 bytes, 2.6x compression)
[2m2026-09-15T16:47:57.280146Z[0m [32m INFO[0m [2mkafka_backup_core::segment::writer[0m[2m:[0m Wrote segment device-telemetry/topics/device-telemetry/partition=4/segment-00000000000003555598.bin.zst with 64638 records (134218150 -> 52062090 bytes, 2.6x compression)
[2m2026-09-15T16:47:57.284462Z[0m [32m INFO[0m [2mkafka_backup_core::segment::writer[0m[2m:[0m Wrote segment device-telemetry/topics/device-telemetry/partition=1/segment-00000000000003555482.bin.zst with 64636 records (134218613 -> 52061144 bytes, 2.6x compression)
[2m2026-09-15T16:47:57.363591Z[0m [32m INFO[0m [2mkafka_backup_core::segment::writer[0m[2m:[0m Wrote segment device-telemetry/topics/device-telemetry/partition=0/segment-00000000000003555570.bin.zst with 64638 records (134218274 -> 52059515 bytes, 2.6x compression)
[2m2026-09-15T16:47:57.436255Z[0m [32m INFO[0m [2mkafka_backup_core::segment::writer[0m[2m:[0m Wrote segment device-telemetry/topics/device-telemetry/partition=3/segment-00000000000003555406.bin.zst with 64634 records (134217868 -> 52060854 bytes, 2.6x compression)
[2m2026-09-15T16:47:57.498809Z[0m [32m INFO[0m [2mkafka_backup_core::segment::writer[0m[2m:[0m Wrote segment device-telemetry/topics/device-telemetry/partition=2/segment-00000000000003555663.bin.zst with 64640 records (134217849 -> 52061448 bytes, 2.6x compression)
[2m2026-09-15T16:47:57.549949Z[0m [32m INFO[0m [2mkafka_backup_core::segment::writer[0m[2m:[0m Wrote segment device-telemetry/topics/device-telemetry/partition=5/segment-00000000000003620205.bin.zst with 64637 records (134218582 -> 52060778 bytes, 2.6x compression)
[2m2026-09-15T16:47:57.771737Z[0m [32m INFO[0m [2mkafka_backup_core::segment::writer[0m[2m:[0m Wrote segment device-telemetry/topics/device-telemetry/partition=1/segment-00000000000003620118.bin.zst with 64636 records (134218532 -> 52063996 bytes, 2.6x compression)
[2m2026-09-15T16:47:57.792752Z[0m [32m INFO[0m [2mkafka_backup_core::segment::writer[0m[2m:[0m Wrote segment device-telemetry/topics/device-telemetry/partition=4/segment-00000000000003620236.bin.zst with 64639 records (134219762 -> 52062571 bytes, 2.6x compression)
[2m2026-09-15T16:47:57.855654Z[0m [32m INFO[0m [2mkafka_backup_core::segment::writer[0m[2m:[0m Wrote segment device-telemetry/topics/device-telemetry/partition=0/segment-00000000000003620208.bin.zst with 64638 records (134219560 -> 52060439 bytes, 2.6x compression)
[2m2026-09-15T16:47:57.957869Z[0m [32m INFO[0m [2mkafka_backup_core::segment::writer[0m[2m:[0m Wrote segment device-telemetry/topics/device-telemetry/partition=3/segment-00000000000003620040.bin.zst with 64634 records (134218363 -> 52062971 bytes, 2.6x compression)
[2m2026-09-15T16:47:58.016604Z[0m [32m INFO[0m [2mkafka_backup_core::segment::writer[0m[2m:[0m Wrote segment device-telemetry/topics/device-telemetry/partition=2/segment-00000000000003620303.bin.zst with 64640 records (134219786 -> 52064256 bytes, 2.6x compression)
[2m2026-09-15T16:47:58.060851Z[0m [32m INFO[0m [2mkafka_backup_core::segment::writer[0m[2m:[0m Wrote segment device-telemetry/topics/device-telemetry/partition=5/segment-00000000000003684842.bin.zst with 64637 records (134219607 -> 52063111 bytes, 2.6x compression)
[2m2026-09-15T16:47:58.261615Z[0m [32m INFO[0m [2mkafka_backup_core::segment::writer[0m[2m:[0m Wrote segment device-telemetry/topics/device-telemetry/partition=1/segment-00000000000003684754.bin.zst with 64635 records (134218087 -> 52063558 bytes, 2.6x compression)
[2m2026-09-15T16:47:58.283862Z[0m [32m INFO[0m [2mkafka_backup_core::segment::writer[0m[2m:[0m Wrote segment device-telemetry/topics/device-telemetry/partition=4/segment-00000000000003684875.bin.zst with 64638 records (134217746 -> 52063563 bytes, 2.6x compression)
[2m2026-09-15T16:47:58.366849Z[0m [32m INFO[0m [2mkafka_backup_core::segment::writer[0m[2m:[0m Wrote segment device-telemetry/topics/device-telemetry/partition=0/segment-00000000000003684846.bin.zst with 64637 records (134219646 -> 52064647 bytes, 2.6x compression)
[2m2026-09-15T16:47:58.454950Z[0m [32m INFO[0m [2mkafka_backup_core::segment::writer[0m[2m:[0m Wrote segment device-telemetry/topics/device-telemetry/partition=3/segment-00000000000003684674.bin.zst with 64635 records (134218387 -> 52064287 bytes, 2.6x compression)
[2m2026-09-15T16:47:58.510394Z[0m [32m INFO[0m [2mkafka_backup_core::segment::writer[0m[2m:[0m Wrote segment device-telemetry/topics/device-telemetry/partition=2/segment-00000000000003684943.bin.zst with 64640 records (134219693 -> 52064651 bytes, 2.6x compression)
[2m2026-09-15T16:47:58.560844Z[0m [32m INFO[0m [2mkafka_backup_core::segment::writer[0m[2m:[0m Wrote segment device-telemetry/topics/device-telemetry/partition=5/segment-00000000000003749479.bin.zst with 64638 records (134219432 -> 52060277 bytes, 2.6x compression)
[2m2026-09-15T16:47:58.760744Z[0m [32m INFO[0m [2mkafka_backup_core::segment::writer[0m[2m:[0m Wrote segment device-telemetry/topics/device-telemetry/partition=1/segment-00000000000003749389.bin.zst with 64636 records (134218212 -> 52061745 bytes, 2.6x compression)
[2m2026-09-15T16:47:58.782871Z[0m [32m INFO[0m [2mkafka_backup_core::segment::writer[0m[2m:[0m Wrote segment device-telemetry/topics/device-telemetry/partition=4/segment-00000000000003749513.bin.zst with 64638 records (134218830 -> 52060706 bytes, 2.6x compression)
[2m2026-09-15T16:47:58.873305Z[0m [32m INFO[0m [2mkafka_backup_core::segment::writer[0m[2m:[0m Wrote segment device-telemetry/topics/device-telemetry/partition=0/segment-00000000000003749483.bin.zst with 64638 records (134218237 -> 52060288 bytes, 2.6x compression)
[2m2026-09-15T16:47:58.953268Z[0m [32m INFO[0m [2mkafka_backup_core::segment::writer[0m[2m:[0m Wrote segment device-telemetry/topics/device-telemetry/partition=3/segment-00000000000003749309.bin.zst with 64634 records (134219134 -> 52062777 bytes, 2.6x compression)
[2m2026-09-15T16:47:59.067417Z[0m [32m INFO[0m [2mkafka_backup_core::segment::writer[0m[2m:[0m Wrote segment device-telemetry/topics/device-telemetry/partition=5/segment-00000000000003814117.bin.zst with 64637 records (134217753 -> 52060038 bytes, 2.6x compression)
[2m2026-09-15T16:47:59.067699Z[0m [32m INFO[0m [2mkafka_backup_core::segment::writer[0m[2m:[0m Wrote segment device-telemetry/topics/device-telemetry/partition=2/segment-00000000000003749583.bin.zst with 64639 records (134219683 -> 52062142 bytes, 2.6x compression)
[2m2026-09-15T16:47:59.250236Z[0m [32m INFO[0m [2mkafka_backup_core::offset_store::sqlite[0m[2m:[0m Synced offset database to storage: device-telemetry/offsets.db
[2m2026-09-15T16:47:59.269796Z[0m [32m INFO[0m [2mkafka_backup_core::segment::writer[0m[2m:[0m Wrote segment device-telemetry/topics/device-telemetry/partition=1/segment-00000000000003814025.bin.zst with 64636 records (134218957 -> 52061240 bytes, 2.6x compression)
[2m2026-09-15T16:47:59.293158Z[0m [32m INFO[0m [2mkafka_backup_core::segment::writer[0m[2m:[0m Wrote segment device-telemetry/topics/device-telemetry/partition=4/segment-00000000000003814151.bin.zst with 64637 records (134218719 -> 52062701 bytes, 2.6x compression)
[2m2026-09-15T16:47:59.379568Z[0m [32m INFO[0m [2mkafka_backup_core::segment::writer[0m[2m:[0m Wrote segment device-telemetry/topics/device-telemetry/partition=0/segment-00000000000003814121.bin.zst with 64639 records (134219221 -> 52062333 bytes, 2.6x compression)
[2m2026-09-15T16:47:59.446375Z[0m [32m INFO[0m [2mkafka_backup_core::segment::writer[0m[2m:[0m Wrote segment device-telemetry/topics/device-telemetry/partition=3/segment-00000000000003813943.bin.zst with 64635 records (134218222 -> 52061159 bytes, 2.6x compression)
[2m2026-09-15T16:47:59.568079Z[0m [32m INFO[0m [2mkafka_backup_core::segment::writer[0m[2m:[0m Wrote segment device-telemetry/topics/device-telemetry/partition=2/segment-00000000000003814222.bin.zst with 64639 records (134219135 -> 52065143 bytes, 2.6x compression)
[2m2026-09-15T16:47:59.574307Z[0m [32m INFO[0m [2mkafka_backup_core::segment::writer[0m[2m:[0m Wrote segment device-telemetry/topics/device-telemetry/partition=5/segment-00000000000003878754.bin.zst with 64636 records (134219488 -> 52063595 bytes, 2.6x compression)
[2m2026-09-15T16:47:59.778590Z[0m [32m INFO[0m [2mkafka_backup_core::segment::writer[0m[2m:[0m Wrote segment device-telemetry/topics/device-telemetry/partition=4/segment-00000000000003878788.bin.zst with 64638 records (134219071 -> 52061594 bytes, 2.6x compression)
[2m2026-09-15T16:47:59.793354Z[0m [32m INFO[0m [2mkafka_backup_core::segment::writer[0m[2m:[0m Wrote segment device-telemetry/topics/device-telemetry/partition=1/segment-00000000000003878661.bin.zst with 64636 records (134218534 -> 52063721 bytes, 2.6x compression)
[2m2026-09-15T16:47:59.880448Z[0m [32m INFO[0m [2mkafka_backup_core::segment::writer[0m[2m:[0m Wrote segment device-telemetry/topics/device-telemetry/partition=0/segment-00000000000003878760.bin.zst with 64638 records (134219216 -> 52062380 bytes, 2.6x compression)
[2m2026-09-15T16:47:59.938785Z[0m [32m INFO[0m [2mkafka_backup_core::segment::writer[0m[2m:[0m Wrote segment device-telemetry/topics/device-telemetry/partition=3/segment-00000000000003878578.bin.zst with 64635 records (134217747 -> 52062403 bytes, 2.6x compression)
[2m2026-09-15T16:48:00.080135Z[0m [32m INFO[0m [2mkafka_backup_core::segment::writer[0m[2m:[0m Wrote segment device-telemetry/topics/device-telemetry/partition=2/segment-00000000000003878861.bin.zst with 64640 records (134219459 -> 52064765 bytes, 2.6x compression)
[2m2026-09-15T16:48:00.080880Z[0m [32m INFO[0m [2mkafka_backup_core::segment::writer[0m[2m:[0m Wrote segment device-telemetry/topics/device-telemetry/partition=5/segment-00000000000003943390.bin.zst with 64637 records (134218908 -> 52062370 bytes, 2.6x compression)
[2m2026-09-15T16:48:00.288442Z[0m [32m INFO[0m [2mkafka_backup_core::segment::writer[0m[2m:[0m Wrote segment device-telemetry/topics/device-telemetry/partition=4/segment-00000000000003943426.bin.zst with 64639 records (134218736 -> 52059243 bytes, 2.6x compression)
[2m2026-09-15T16:48:00.316283Z[0m [32m INFO[0m [2mkafka_backup_core::segment::writer[0m[2m:[0m Wrote segment device-telemetry/topics/device-telemetry/partition=1/segment-00000000000003943297.bin.zst with 64635 records (134218337 -> 52063326 bytes, 2.6x compression)
[2m2026-09-15T16:48:00.387746Z[0m [32m INFO[0m [2mkafka_backup_core::segment::writer[0m[2m:[0m Wrote segment device-telemetry/topics/device-telemetry/partition=0/segment-00000000000003943398.bin.zst with 64638 records (134218944 -> 52063127 bytes, 2.6x compression)
[2m2026-09-15T16:48:00.438261Z[0m [32m INFO[0m [2mkafka_backup_core::segment::writer[0m[2m:[0m Wrote segment device-telemetry/topics/device-telemetry/partition=3/segment-00000000000003943213.bin.zst with 64635 records (134219384 -> 52063804 bytes, 2.6x compression)
[2m2026-09-15T16:48:00.608115Z[0m [32m INFO[0m [2mkafka_backup_core::segment::writer[0m[2m:[0m Wrote segment device-telemetry/topics/device-telemetry/partition=2/segment-00000000000003943501.bin.zst with 64638 records (134218035 -> 52065416 bytes, 2.6x compression)
[2m2026-09-15T16:48:00.611908Z[0m [32m INFO[0m [2mkafka_backup_core::segment::writer[0m[2m:[0m Wrote segment device-telemetry/topics/device-telemetry/partition=5/segment-00000000000004008027.bin.zst with 64636 records (134217829 -> 52062542 bytes, 2.6x compression)
[2m2026-09-15T16:48:00.810704Z[0m [32m INFO[0m [2mkafka_backup_core::segment::writer[0m[2m:[0m Wrote segment device-telemetry/topics/device-telemetry/partition=1/segment-00000000000004007932.bin.zst with 64635 records (134218578 -> 52062747 bytes, 2.6x compression)
[2m2026-09-15T16:48:00.831185Z[0m [32m INFO[0m [2mkafka_backup_core::segment::writer[0m[2m:[0m Wrote segment device-telemetry/topics/device-telemetry/partition=4/segment-00000000000004008065.bin.zst with 64638 records (134217922 -> 52059152 bytes, 2.6x compression)
[2m2026-09-15T16:48:00.898102Z[0m [32m INFO[0m [2mkafka_backup_core::segment::writer[0m[2m:[0m Wrote segment device-telemetry/topics/device-telemetry/partition=0/segment-00000000000004008036.bin.zst with 64637 records (134219156 -> 52065163 bytes, 2.6x compression)
[2m2026-09-15T16:48:00.928550Z[0m [32m INFO[0m [2mkafka_backup_core::segment::writer[0m[2m:[0m Wrote segment device-telemetry/topics/device-telemetry/partition=3/segment-00000000000004007848.bin.zst with 64634 records (134218031 -> 52064100 bytes, 2.6x compression)
[2m2026-09-15T16:48:01.102546Z[0m [32m INFO[0m [2mkafka_backup_core::segment::writer[0m[2m:[0m Wrote segment device-telemetry/topics/device-telemetry/partition=2/segment-00000000000004008139.bin.zst with 64639 records (134217801 -> 52064989 bytes, 2.6x compression)
[2m2026-09-15T16:48:01.109742Z[0m [32m INFO[0m [2mkafka_backup_core::segment::writer[0m[2m:[0m Wrote segment device-telemetry/topics/device-telemetry/partition=5/segment-00000000000004072663.bin.zst with 64638 records (134218572 -> 52057689 bytes, 2.6x compression)
[2m2026-09-15T16:48:01.306567Z[0m [32m INFO[0m [2mkafka_backup_core::segment::writer[0m[2m:[0m Wrote segment device-telemetry/topics/device-telemetry/partition=1/segment-00000000000004072567.bin.zst with 64636 records (134219397 -> 52066000 bytes, 2.6x compression)
[2m2026-09-15T16:48:01.327248Z[0m [32m INFO[0m [2mkafka_backup_core::segment::writer[0m[2m:[0m Wrote segment device-telemetry/topics/device-telemetry/partition=4/segment-00000000000004072703.bin.zst with 64637 records (134218178 -> 52061006 bytes, 2.6x compression)
[2m2026-09-15T16:48:01.398245Z[0m [32m INFO[0m [2mkafka_backup_core::segment::writer[0m[2m:[0m Wrote segment device-telemetry/topics/device-telemetry/partition=0/segment-00000000000004072673.bin.zst with 64638 records (134218871 -> 52063050 bytes, 2.6x compression)
[2m2026-09-15T16:48:01.416655Z[0m [32m INFO[0m [2mkafka_backup_core::segment::writer[0m[2m:[0m Wrote segment device-telemetry/topics/device-telemetry/partition=3/segment-00000000000004072482.bin.zst with 64635 records (134217986 -> 52063040 bytes, 2.6x compression)
[2m2026-09-15T16:48:01.605652Z[0m [32m INFO[0m [2mkafka_backup_core::segment::writer[0m[2m:[0m Wrote segment device-telemetry/topics/device-telemetry/partition=2/segment-00000000000004072778.bin.zst with 64639 records (134219462 -> 52066122 bytes, 2.6x compression)
[2m2026-09-15T16:48:01.609314Z[0m [32m INFO[0m [2mkafka_backup_core::segment::writer[0m[2m:[0m Wrote segment device-telemetry/topics/device-telemetry/partition=5/segment-00000000000004137301.bin.zst with 64637 records (134218516 -> 52059655 bytes, 2.6x compression)
[2m2026-09-15T16:48:01.804546Z[0m [32m INFO[0m [2mkafka_backup_core::segment::writer[0m[2m:[0m Wrote segment device-telemetry/topics/device-telemetry/partition=1/segment-00000000000004137203.bin.zst with 64635 records (134217777 -> 52062334 bytes, 2.6x compression)
[2m2026-09-15T16:48:01.823538Z[0m [32m INFO[0m [2mkafka_backup_core::segment::writer[0m[2m:[0m Wrote segment device-telemetry/topics/device-telemetry/partition=4/segment-00000000000004137340.bin.zst with 64638 records (134219558 -> 52060482 bytes, 2.6x compression)
[2m2026-09-15T16:48:01.903629Z[0m [32m INFO[0m [2mkafka_backup_core::segment::writer[0m[2m:[0m Wrote segment device-telemetry/topics/device-telemetry/partition=3/segment-00000000000004137117.bin.zst with 64635 records (134218408 -> 52059184 bytes, 2.6x compression)
[2m2026-09-15T16:48:01.903854Z[0m [32m INFO[0m [2mkafka_backup_core::segment::writer[0m[2m:[0m Wrote segment device-telemetry/topics/device-telemetry/partition=0/segment-00000000000004137311.bin.zst with 64638 records (134219147 -> 52060239 bytes, 2.6x compression)
[2m2026-09-15T16:48:02.113229Z[0m [32m INFO[0m [2mkafka_backup_core::segment::writer[0m[2m:[0m Wrote segment device-telemetry/topics/device-telemetry/partition=2/segment-00000000000004137417.bin.zst with 64639 records (134218560 -> 52064988 bytes, 2.6x compression)
[2m2026-09-15T16:48:02.118364Z[0m [32m INFO[0m [2mkafka_backup_core::segment::writer[0m[2m:[0m Wrote segment device-telemetry/topics/device-telemetry/partition=5/segment-00000000000004201938.bin.zst with 64638 records (134219310 -> 52063401 bytes, 2.6x compression)
[2m2026-09-15T16:48:02.297016Z[0m [32m INFO[0m [2mkafka_backup_core::segment::writer[0m[2m:[0m Wrote segment device-telemetry/topics/device-telemetry/partition=1/segment-00000000000004201838.bin.zst with 64636 records (134219267 -> 52063717 bytes, 2.6x compression)
[2m2026-09-15T16:48:02.332812Z[0m [32m INFO[0m [2mkafka_backup_core::segment::writer[0m[2m:[0m Wrote segment device-telemetry/topics/device-telemetry/partition=4/segment-00000000000004201978.bin.zst with 64638 records (134219450 -> 52064006 bytes, 2.6x compression)
[2m2026-09-15T16:48:02.411161Z[0m [32m INFO[0m [2mkafka_backup_core::segment::writer[0m[2m:[0m Wrote segment device-telemetry/topics/device-telemetry/partition=0/segment-00000000000004201949.bin.zst with 64637 records (134217872 -> 52061189 bytes, 2.6x compression)
[2m2026-09-15T16:48:02.412007Z[0m [32m INFO[0m [2mkafka_backup_core::segment::writer[0m[2m:[0m Wrote segment device-telemetry/topics/device-telemetry/partition=3/segment-00000000000004201752.bin.zst with 64635 records (134219422 -> 52063450 bytes, 2.6x compression)
[2m2026-09-15T16:48:02.621925Z[0m [32m INFO[0m [2mkafka_backup_core::segment::writer[0m[2m:[0m Wrote segment device-telemetry/topics/device-telemetry/partition=2/segment-00000000000004202056.bin.zst with 64639 records (134218334 -> 52062374 bytes, 2.6x compression)
[2m2026-09-15T16:48:02.624107Z[0m [32m INFO[0m [2mkafka_backup_core::segment::writer[0m[2m:[0m Wrote segment device-telemetry/topics/device-telemetry/partition=5/segment-00000000000004266576.bin.zst with 64638 records (134219670 -> 52061455 bytes, 2.6x compression)
[2m2026-09-15T16:48:02.786422Z[0m [32m INFO[0m [2mkafka_backup_core::segment::writer[0m[2m:[0m Wrote segment device-telemetry/topics/device-telemetry/partition=1/segment-00000000000004266474.bin.zst with 64636 records (134219735 -> 52064068 bytes, 2.6x compression)
[2m2026-09-15T16:48:02.833440Z[0m [32m INFO[0m [2mkafka_backup_core::segment::writer[0m[2m:[0m Wrote segment device-telemetry/topics/device-telemetry/partition=4/segment-00000000000004266616.bin.zst with 64637 records (134219422 -> 52062253 bytes, 2.6x compression)
[2m2026-09-15T16:48:02.915866Z[0m [32m INFO[0m [2mkafka_backup_core::segment::writer[0m[2m:[0m Wrote segment device-telemetry/topics/device-telemetry/partition=0/segment-00000000000004266586.bin.zst with 64637 records (134218892 -> 52061956 bytes, 2.6x compression)
[2m2026-09-15T16:48:02.916145Z[0m [32m INFO[0m [2mkafka_backup_core::segment::writer[0m[2m:[0m Wrote segment device-telemetry/topics/device-telemetry/partition=3/segment-00000000000004266387.bin.zst with 64636 records (134219598 -> 52060822 bytes, 2.6x compression)
[2m2026-09-15T16:48:03.119982Z[0m [32m INFO[0m [2mkafka_backup_core::segment::writer[0m[2m:[0m Wrote segment device-telemetry/topics/device-telemetry/partition=2/segment-00000000000004266695.bin.zst with 64639 records (134218729 -> 52061629 bytes, 2.6x compression)
[2m2026-09-15T16:48:03.125977Z[0m [32m INFO[0m [2mkafka_backup_core::segment::writer[0m[2m:[0m Wrote segment device-telemetry/topics/device-telemetry/partition=5/segment-00000000000004331214.bin.zst with 64637 records (134219027 -> 52061373 bytes, 2.6x compression)
[2m2026-09-15T16:48:03.277866Z[0m [32m INFO[0m [2mkafka_backup_core::segment::writer[0m[2m:[0m Wrote segment device-telemetry/topics/device-telemetry/partition=1/segment-00000000000004331110.bin.zst with 64635 records (134218395 -> 52064033 bytes, 2.6x compression)
[2m2026-09-15T16:48:03.348596Z[0m [32m INFO[0m [2mkafka_backup_core::segment::writer[0m[2m:[0m Wrote segment device-telemetry/topics/device-telemetry/partition=4/segment-00000000000004331253.bin.zst with 64638 records (134218210 -> 52058511 bytes, 2.6x compression)
[2m2026-09-15T16:48:03.417720Z[0m [32m INFO[0m [2mkafka_backup_core::segment::writer[0m[2m:[0m Wrote segment device-telemetry/topics/device-telemetry/partition=0/segment-00000000000004331223.bin.zst with 64637 records (134218541 -> 52064058 bytes, 2.6x compression)
[2m2026-09-15T16:48:03.417969Z[0m [32m INFO[0m [2mkafka_backup_core::segment::writer[0m[2m:[0m Wrote segment device-telemetry/topics/device-telemetry/partition=3/segment-00000000000004331023.bin.zst with 64636 records (134219354 -> 52061248 bytes, 2.6x compression)
[2m2026-09-15T16:48:03.632425Z[0m [32m INFO[0m [2mkafka_backup_core::segment::writer[0m[2m:[0m Wrote segment device-telemetry/topics/device-telemetry/partition=2/segment-00000000000004331334.bin.zst with 64640 records (134219322 -> 52067573 bytes, 2.6x compression)
[2m2026-09-15T16:48:03.636659Z[0m [32m INFO[0m [2mkafka_backup_core::segment::writer[0m[2m:[0m Wrote segment device-telemetry/topics/device-telemetry/partition=5/segment-00000000000004395851.bin.zst with 64637 records (134218148 -> 52058934 bytes, 2.6x compression)
[2m2026-09-15T16:48:03.775719Z[0m [32m INFO[0m [2mkafka_backup_core::segment::writer[0m[2m:[0m Wrote segment device-telemetry/topics/device-telemetry/partition=1/segment-00000000000004395745.bin.zst with 64637 records (134218384 -> 52061985 bytes, 2.6x compression)
[2m2026-09-15T16:48:03.850924Z[0m [32m INFO[0m [2mkafka_backup_core::segment::writer[0m[2m:[0m Wrote segment device-telemetry/topics/device-telemetry/partition=4/segment-00000000000004395891.bin.zst with 64639 records (134219732 -> 52058529 bytes, 2.6x compression)
[2m2026-09-15T16:48:03.936231Z[0m [32m INFO[0m [2mkafka_backup_core::segment::writer[0m[2m:[0m Wrote segment device-telemetry/topics/device-telemetry/partition=0/segment-00000000000004395860.bin.zst with 64638 records (134219044 -> 52062202 bytes, 2.6x compression)
[2m2026-09-15T16:48:03.936504Z[0m [32m INFO[0m [2mkafka_backup_core::segment::writer[0m[2m:[0m Wrote segment device-telemetry/topics/device-telemetry/partition=3/segment-00000000000004395659.bin.zst with 64634 records (134218016 -> 52063521 bytes, 2.6x compression)
[2m2026-09-15T16:48:04.126400Z[0m [32m INFO[0m [2mkafka_backup_core::segment::writer[0m[2m:[0m Wrote segment device-telemetry/topics/device-telemetry/partition=2/segment-00000000000004395974.bin.zst with 64638 records (134218374 -> 52065818 bytes, 2.6x compression)
[2m2026-09-15T16:48:04.128073Z[0m [32m INFO[0m [2mkafka_backup_core::segment::writer[0m[2m:[0m Wrote segment device-telemetry/topics/device-telemetry/partition=5/segment-00000000000004460488.bin.zst with 64638 records (134218905 -> 52059689 bytes, 2.6x compression)
[2m2026-09-15T16:48:04.278800Z[0m [32m INFO[0m [2mkafka_backup_core::segment::writer[0m[2m:[0m Wrote segment device-telemetry/topics/device-telemetry/partition=1/segment-00000000000004460382.bin.zst with 64637 records (134219651 -> 52062017 bytes, 2.6x compression)
[2m2026-09-15T16:48:04.341333Z[0m [32m INFO[0m [2mkafka_backup_core::segment::writer[0m[2m:[0m Wrote segment device-telemetry/topics/device-telemetry/partition=4/segment-00000000000004460530.bin.zst with 64639 records (134218916 -> 52059616 bytes, 2.6x compression)
[2m2026-09-15T16:48:04.441881Z[0m [32m INFO[0m [2mkafka_backup_core::segment::writer[0m[2m:[0m Wrote segment device-telemetry/topics/device-telemetry/partition=0/segment-00000000000004460498.bin.zst with 64637 records (134217833 -> 52060660 bytes, 2.6x compression)
[2m2026-09-15T16:48:04.442208Z[0m [32m INFO[0m [2mkafka_backup_core::segment::writer[0m[2m:[0m Wrote segment device-telemetry/topics/device-telemetry/partition=3/segment-00000000000004460293.bin.zst with 64635 records (134219315 -> 52063171 bytes, 2.6x compression)
[2m2026-09-15T16:48:04.627083Z[0m [32m INFO[0m [2mkafka_backup_core::segment::writer[0m[2m:[0m Wrote segment device-telemetry/topics/device-telemetry/partition=2/segment-00000000000004460612.bin.zst with 64640 records (134219684 -> 52061234 bytes, 2.6x compression)
[2m2026-09-15T16:48:04.630651Z[0m [32m INFO[0m [2mkafka_backup_core::segment::writer[0m[2m:[0m Wrote segment device-telemetry/topics/device-telemetry/partition=5/segment-00000000000004525126.bin.zst with 64638 records (134218760 -> 52057624 bytes, 2.6x compression)
[2m2026-09-15T16:48:04.774009Z[0m [32m INFO[0m [2mkafka_backup_core::segment::writer[0m[2m:[0m Wrote segment device-telemetry/topics/device-telemetry/partition=1/segment-00000000000004525019.bin.zst with 64635 records (134218536 -> 52061440 bytes, 2.6x compression)
[2m2026-09-15T16:48:04.853653Z[0m [32m INFO[0m [2mkafka_backup_core::segment::writer[0m[2m:[0m Wrote segment device-telemetry/topics/device-telemetry/partition=4/segment-00000000000004525169.bin.zst with 64637 records (134218348 -> 52064729 bytes, 2.6x compression)
[2m2026-09-15T16:48:04.948048Z[0m [32m INFO[0m [2mkafka_backup_core::segment::writer[0m[2m:[0m Wrote segment device-telemetry/topics/device-telemetry/partition=3/segment-00000000000004524928.bin.zst with 64634 records (134217841 -> 52063417 bytes, 2.6x compression)
[2m2026-09-15T16:48:04.948826Z[0m [32m INFO[0m [2mkafka_backup_core::segment::writer[0m[2m:[0m Wrote segment device-telemetry/topics/device-telemetry/partition=0/segment-00000000000004525135.bin.zst with 64637 records (134219593 -> 52061228 bytes, 2.6x compression)
[2m2026-09-15T16:48:05.131269Z[0m [32m INFO[0m [2mkafka_backup_core::segment::writer[0m[2m:[0m Wrote segment device-telemetry/topics/device-telemetry/partition=2/segment-00000000000004525252.bin.zst with 64640 records (134218107 -> 52063692 bytes, 2.6x compression)
[2m2026-09-15T16:48:05.131637Z[0m [32m INFO[0m [2mkafka_backup_core::segment::writer[0m[2m:[0m Wrote segment device-telemetry/topics/device-telemetry/partition=5/segment-00000000000004589764.bin.zst with 64637 records (134219706 -> 52062326 bytes, 2.6x compression)
[2m2026-09-15T16:48:05.269574Z[0m [32m INFO[0m [2mkafka_backup_core::segment::writer[0m[2m:[0m Wrote segment device-telemetry/topics/device-telemetry/partition=1/segment-00000000000004589654.bin.zst with 64637 records (134218689 -> 52062573 bytes, 2.6x compression)
[2m2026-09-15T16:48:05.407096Z[0m [32m INFO[0m [2mkafka_backup_core::segment::writer[0m[2m:[0m Wrote segment device-telemetry/topics/device-telemetry/partition=4/segment-00000000000004589806.bin.zst with 64637 records (134218102 -> 52062749 bytes, 2.6x compression)
[2m2026-09-15T16:48:05.450682Z[0m [32m INFO[0m [2mkafka_backup_core::segment::writer[0m[2m:[0m Wrote segment device-telemetry/topics/device-telemetry/partition=0/segment-00000000000004589772.bin.zst with 64637 records (134219589 -> 52061646 bytes, 2.6x compression)
[2m2026-09-15T16:48:05.580936Z[0m [32m INFO[0m [2mkafka_backup_core::segment::writer[0m[2m:[0m Wrote segment device-telemetry/topics/device-telemetry/partition=3/segment-00000000000004589562.bin.zst with 64636 records (134219725 -> 52062720 bytes, 2.6x compression)
[2m2026-09-15T16:48:05.640518Z[0m [32m INFO[0m [2mkafka_backup_core::segment::writer[0m[2m:[0m Wrote segment device-telemetry/topics/device-telemetry/partition=2/segment-00000000000004589892.bin.zst with 64639 records (134218476 -> 52064519 bytes, 2.6x compression)
[2m2026-09-15T16:48:05.641101Z[0m [32m INFO[0m [2mkafka_backup_core::segment::writer[0m[2m:[0m Wrote segment device-telemetry/topics/device-telemetry/partition=5/segment-00000000000004654401.bin.zst with 64638 records (134218985 -> 52061058 bytes, 2.6x compression)
[2m2026-09-15T16:48:05.778733Z[0m [32m INFO[0m [2mkafka_backup_core::segment::writer[0m[2m:[0m Wrote segment device-telemetry/topics/device-telemetry/partition=1/segment-00000000000004654291.bin.zst with 64635 records (134219669 -> 52063996 bytes, 2.6x compression)
[2m2026-09-15T16:48:05.911925Z[0m [32m INFO[0m [2mkafka_backup_core::segment::writer[0m[2m:[0m Wrote segment device-telemetry/topics/device-telemetry/partition=4/segment-00000000000004654443.bin.zst with 64638 records (134219451 -> 52061993 bytes, 2.6x compression)
[2m2026-09-15T16:48:05.963549Z[0m [32m INFO[0m [2mkafka_backup_core::segment::writer[0m[2m:[0m Wrote segment device-telemetry/topics/device-telemetry/partition=0/segment-00000000000004654409.bin.zst with 64637 records (134219162 -> 52061570 bytes, 2.6x compression)
[2m2026-09-15T16:48:06.098947Z[0m [32m INFO[0m [2mkafka_backup_core::segment::writer[0m[2m:[0m Wrote segment device-telemetry/topics/device-telemetry/partition=3/segment-00000000000004654198.bin.zst with 64635 records (134219657 -> 52065045 bytes, 2.6x compression)
[2m2026-09-15T16:48:06.151264Z[0m [32m INFO[0m [2mkafka_backup_core::segment::writer[0m[2m:[0m Wrote segment device-telemetry/topics/device-telemetry/partition=5/segment-00000000000004719039.bin.zst with 64637 records (134218965 -> 52060415 bytes, 2.6x compression)
[2m2026-09-15T16:48:06.151775Z[0m [32m INFO[0m [2mkafka_backup_core::segment::writer[0m[2m:[0m Wrote segment device-telemetry/topics/device-telemetry/partition=2/segment-00000000000004654531.bin.zst with 64640 records (134218986 -> 52064116 bytes, 2.6x compression)
[2m2026-09-15T16:48:06.283095Z[0m [32m INFO[0m [2mkafka_backup_core::segment::writer[0m[2m:[0m Wrote segment device-telemetry/topics/device-telemetry/partition=1/segment-00000000000004718926.bin.zst with 64636 records (134218894 -> 52062991 bytes, 2.6x compression)
[2m2026-09-15T16:48:06.429965Z[0m [32m INFO[0m [2mkafka_backup_core::segment::writer[0m[2m:[0m Wrote segment device-telemetry/topics/device-telemetry/partition=4/segment-00000000000004719081.bin.zst with 64638 records (134219291 -> 52059395 bytes, 2.6x compression)
[2m2026-09-15T16:48:06.458803Z[0m [32m INFO[0m [2mkafka_backup_core::segment::writer[0m[2m:[0m Wrote segment device-telemetry/topics/device-telemetry/partition=0/segment-00000000000004719046.bin.zst with 64638 records (134219638 -> 52062095 bytes, 2.6x compression)
[2m2026-09-15T16:48:06.596659Z[0m [32m INFO[0m [2mkafka_backup_core::segment::writer[0m[2m:[0m Wrote segment device-telemetry/topics/device-telemetry/partition=3/segment-00000000000004718833.bin.zst with 64635 records (134219711 -> 52063850 bytes, 2.6x compression)
[2m2026-09-15T16:48:06.653579Z[0m [32m INFO[0m [2mkafka_backup_core::segment::writer[0m[2m:[0m Wrote segment device-telemetry/topics/device-telemetry/partition=2/segment-00000000000004719171.bin.zst with 64640 records (134219687 -> 52062432 bytes, 2.6x compression)
[2m2026-09-15T16:48:06.654124Z[0m [32m INFO[0m [2mkafka_backup_core::segment::writer[0m[2m:[0m Wrote segment device-telemetry/topics/device-telemetry/partition=5/segment-00000000000004783676.bin.zst with 64637 records (134218259 -> 52063308 bytes, 2.6x compression)
[2m2026-09-15T16:48:06.780174Z[0m [32m INFO[0m [2mkafka_backup_core::segment::writer[0m[2m:[0m Wrote segment device-telemetry/topics/device-telemetry/partition=1/segment-00000000000004783562.bin.zst with 64635 records (134217900 -> 52064827 bytes, 2.6x compression)
[2m2026-09-15T16:48:06.924637Z[0m [32m INFO[0m [2mkafka_backup_core::segment::writer[0m[2m:[0m Wrote segment device-telemetry/topics/device-telemetry/partition=4/segment-00000000000004783719.bin.zst with 64637 records (134217843 -> 52060058 bytes, 2.6x compression)
[2m2026-09-15T16:48:06.949760Z[0m [32m INFO[0m [2mkafka_backup_core::segment::writer[0m[2m:[0m Wrote segment device-telemetry/topics/device-telemetry/partition=0/segment-00000000000004783684.bin.zst with 64639 records (134219542 -> 52062474 bytes, 2.6x compression)
[2m2026-09-15T16:48:07.084129Z[0m [32m INFO[0m [2mkafka_backup_core::segment::writer[0m[2m:[0m Wrote segment device-telemetry/topics/device-telemetry/partition=3/segment-00000000000004783468.bin.zst with 64635 records (134218924 -> 52063723 bytes, 2.6x compression)
[2m2026-09-15T16:48:07.159481Z[0m [32m INFO[0m [2mkafka_backup_core::segment::writer[0m[2m:[0m Wrote segment device-telemetry/topics/device-telemetry/partition=2/segment-00000000000004783811.bin.zst with 64640 records (134217958 -> 52064108 bytes, 2.6x compression)
[2m2026-09-15T16:48:07.160400Z[0m [32m INFO[0m [2mkafka_backup_core::segment::writer[0m[2m:[0m Wrote segment device-telemetry/topics/device-telemetry/partition=5/segment-00000000000004848313.bin.zst with 64637 records (134218452 -> 52061134 bytes, 2.6x compression)
[2m2026-09-15T16:48:07.265909Z[0m [32m INFO[0m [2mkafka_backup_core::segment::writer[0m[2m:[0m Wrote segment device-telemetry/topics/device-telemetry/partition=1/segment-00000000000004848197.bin.zst with 64636 records (134219291 -> 52063339 bytes, 2.6x compression)
[2m2026-09-15T16:48:07.437036Z[0m [32m INFO[0m [2mkafka_backup_core::segment::writer[0m[2m:[0m Wrote segment device-telemetry/topics/device-telemetry/partition=4/segment-00000000000004848356.bin.zst with 64639 records (134219255 -> 52060583 bytes, 2.6x compression)
[2m2026-09-15T16:48:07.458820Z[0m [32m INFO[0m [2mkafka_backup_core::segment::writer[0m[2m:[0m Wrote segment device-telemetry/topics/device-telemetry/partition=0/segment-00000000000004848323.bin.zst with 64637 records (134218047 -> 52060646 bytes, 2.6x compression)
[2m2026-09-15T16:48:07.576244Z[0m [32m INFO[0m [2mkafka_backup_core::segment::writer[0m[2m:[0m Wrote segment device-telemetry/topics/device-telemetry/partition=3/segment-00000000000004848103.bin.zst with 64636 records (134219518 -> 52062135 bytes, 2.6x compression)
[2m2026-09-15T16:48:07.674397Z[0m [32m INFO[0m [2mkafka_backup_core::segment::writer[0m[2m:[0m Wrote segment device-telemetry/topics/device-telemetry/partition=5/segment-00000000000004912950.bin.zst with 64637 records (134218631 -> 52059959 bytes, 2.6x compression)
[2m2026-09-15T16:48:07.674672Z[0m [32m INFO[0m [2mkafka_backup_core::segment::writer[0m[2m:[0m Wrote segment device-telemetry/topics/device-telemetry/partition=2/segment-00000000000004848451.bin.zst with 64638 records (134218633 -> 52064878 bytes, 2.6x compression)
[2m2026-09-15T16:48:07.757551Z[0m [32m INFO[0m [2mkafka_backup_core::segment::writer[0m[2m:[0m Wrote segment device-telemetry/topics/device-telemetry/partition=1/segment-00000000000004912833.bin.zst with 64635 records (134219144 -> 52066052 bytes, 2.6x compression)
[2m2026-09-15T16:48:07.972764Z[0m [32m INFO[0m [2mkafka_backup_core::segment::writer[0m[2m:[0m Wrote segment device-telemetry/topics/device-telemetry/partition=0/segment-00000000000004912960.bin.zst with 64638 records (134218879 -> 52059365 bytes, 2.6x compression)
[2m2026-09-15T16:48:07.975735Z[0m [32m INFO[0m [2mkafka_backup_core::segment::writer[0m[2m:[0m Wrote segment device-telemetry/topics/device-telemetry/partition=4/segment-00000000000004912995.bin.zst with 64638 records (134218555 -> 52057465 bytes, 2.6x compression)
[2m2026-09-15T16:48:08.072878Z[0m [32m INFO[0m [2mkafka_backup_core::segment::writer[0m[2m:[0m Wrote segment device-telemetry/topics/device-telemetry/partition=3/segment-00000000000004912739.bin.zst with 64633 records (134217861 -> 52063361 bytes, 2.6x compression)
[2m2026-09-15T16:48:08.173474Z[0m [32m INFO[0m [2mkafka_backup_core::segment::writer[0m[2m:[0m Wrote segment device-telemetry/topics/device-telemetry/partition=2/segment-00000000000004913089.bin.zst with 64639 records (134218383 -> 52062583 bytes, 2.6x compression)
[2m2026-09-15T16:48:08.175205Z[0m [32m INFO[0m [2mkafka_backup_core::segment::writer[0m[2m:[0m Wrote segment device-telemetry/topics/device-telemetry/partition=5/segment-00000000000004977587.bin.zst with 64637 records (134217954 -> 52061811 bytes, 2.6x compression)
[2m2026-09-15T16:48:08.244896Z[0m [32m INFO[0m [2mkafka_backup_core::segment::writer[0m[2m:[0m Wrote segment device-telemetry/topics/device-telemetry/partition=1/segment-00000000000004977468.bin.zst with 64635 records (134217792 -> 52062922 bytes, 2.6x compression)
[2m2026-09-15T16:48:08.482347Z[0m [32m INFO[0m [2mkafka_backup_core::segment::writer[0m[2m:[0m Wrote segment device-telemetry/topics/device-telemetry/partition=4/segment-00000000000004977633.bin.zst with 64638 records (134218673 -> 52063101 bytes, 2.6x compression)
[2m2026-09-15T16:48:08.485661Z[0m [32m INFO[0m [2mkafka_backup_core::segment::writer[0m[2m:[0m Wrote segment device-telemetry/topics/device-telemetry/partition=0/segment-00000000000004977598.bin.zst with 64638 records (134218888 -> 52061445 bytes, 2.6x compression)
[2m2026-09-15T16:48:08.559312Z[0m [32m INFO[0m [2mkafka_backup_core::segment::writer[0m[2m:[0m Wrote segment device-telemetry/topics/device-telemetry/partition=3/segment-00000000000004977372.bin.zst with 64635 records (134218885 -> 52061986 bytes, 2.6x compression)
[2m2026-09-15T16:48:08.670642Z[0m [32m INFO[0m [2mkafka_backup_core::segment::writer[0m[2m:[0m Wrote segment device-telemetry/topics/device-telemetry/partition=5/segment-00000000000005042224.bin.zst with 64637 records (134218468 -> 52059155 bytes, 2.6x compression)
[2m2026-09-15T16:48:08.670970Z[0m [32m INFO[0m [2mkafka_backup_core::segment::writer[0m[2m:[0m Wrote segment device-telemetry/topics/device-telemetry/partition=2/segment-00000000000004977728.bin.zst with 64639 records (134218611 -> 52061795 bytes, 2.6x compression)
[2m2026-09-15T16:48:08.735383Z[0m [32m INFO[0m [2mkafka_backup_core::segment::writer[0m[2m:[0m Wrote segment device-telemetry/topics/device-telemetry/partition=1/segment-00000000000005042103.bin.zst with 64636 records (134217881 -> 52060663 bytes, 2.6x compression)
[2m2026-09-15T16:48:09.003980Z[0m [32m INFO[0m [2mkafka_backup_core::segment::writer[0m[2m:[0m Wrote segment device-telemetry/topics/device-telemetry/partition=4/segment-00000000000005042271.bin.zst with 64639 records (134219123 -> 52058030 bytes, 2.6x compression)
[2m2026-09-15T16:48:09.008607Z[0m [32m INFO[0m [2mkafka_backup_core::segment::writer[0m[2m:[0m Wrote segment device-telemetry/topics/device-telemetry/partition=0/segment-00000000000005042236.bin.zst with 64637 records (134218975 -> 52062016 bytes, 2.6x compression)
[2m2026-09-15T16:48:09.054086Z[0m [32m INFO[0m [2mkafka_backup_core::segment::writer[0m[2m:[0m Wrote segment device-telemetry/topics/device-telemetry/partition=3/segment-00000000000005042007.bin.zst with 64634 records (134217818 -> 52062021 bytes, 2.6x compression)
[2m2026-09-15T16:48:09.196021Z[0m [32m INFO[0m [2mkafka_backup_core::segment::writer[0m[2m:[0m Wrote segment device-telemetry/topics/device-telemetry/partition=5/segment-00000000000005106861.bin.zst with 64637 records (134217856 -> 52061449 bytes, 2.6x compression)
[2m2026-09-15T16:48:09.196311Z[0m [32m INFO[0m [2mkafka_backup_core::segment::writer[0m[2m:[0m Wrote segment device-telemetry/topics/device-telemetry/partition=2/segment-00000000000005042367.bin.zst with 64639 records (134219468 -> 52065259 bytes, 2.6x compression)
[2m2026-09-15T16:48:09.234831Z[0m [32m INFO[0m [2mkafka_backup_core::segment::writer[0m[2m:[0m Wrote segment device-telemetry/topics/device-telemetry/partition=1/segment-00000000000005106739.bin.zst with 64635 records (134219402 -> 52062527 bytes, 2.6x compression)
[2m2026-09-15T16:48:09.483221Z[0m [32m INFO[0m [2mkafka_backup_core::segment::writer[0m[2m:[0m Wrote segment device-telemetry/topics/device-telemetry/partition=4/segment-00000000000005106910.bin.zst with 64638 records (134219292 -> 52061652 bytes, 2.6x compression)
[2m2026-09-15T16:48:09.502423Z[0m [32m INFO[0m [2mkafka_backup_core::segment::writer[0m[2m:[0m Wrote segment device-telemetry/topics/device-telemetry/partition=0/segment-00000000000005106873.bin.zst with 64637 records (134217937 -> 52059578 bytes, 2.6x compression)
[2m2026-09-15T16:48:09.541402Z[0m [32m INFO[0m [2mkafka_backup_core::segment::writer[0m[2m:[0m Wrote segment device-telemetry/topics/device-telemetry/partition=3/segment-00000000000005106641.bin.zst with 64635 records (134219314 -> 52062779 bytes, 2.6x compression)
[2m2026-09-15T16:48:09.728563Z[0m [32m INFO[0m [2mkafka_backup_core::segment::writer[0m[2m:[0m Wrote segment device-telemetry/topics/device-telemetry/partition=5/segment-00000000000005171498.bin.zst with 64637 records (134218693 -> 52061677 bytes, 2.6x compression)
[2m2026-09-15T16:48:09.731623Z[0m [32m INFO[0m [2mkafka_backup_core::segment::writer[0m[2m:[0m Wrote segment device-telemetry/topics/device-telemetry/partition=2/segment-00000000000005107006.bin.zst with 64639 records (134219411 -> 52065847 bytes, 2.6x compression)
[2m2026-09-15T16:48:09.731974Z[0m [32m INFO[0m [2mkafka_backup_core::segment::writer[0m[2m:[0m Wrote segment device-telemetry/topics/device-telemetry/partition=1/segment-00000000000005171374.bin.zst with 64635 records (134218821 -> 52065954 bytes, 2.6x compression)
[2m2026-09-15T16:48:09.970050Z[0m [32m INFO[0m [2mkafka_backup_core::segment::writer[0m[2m:[0m Wrote segment device-telemetry/topics/device-telemetry/partition=4/segment-00000000000005171548.bin.zst with 64638 records (134219784 -> 52060383 bytes, 2.6x compression)
[2m2026-09-15T16:48:10.007649Z[0m [32m INFO[0m [2mkafka_backup_core::segment::writer[0m[2m:[0m Wrote segment device-telemetry/topics/device-telemetry/partition=0/segment-00000000000005171510.bin.zst with 64638 records (134217916 -> 52063375 bytes, 2.6x compression)
[2m2026-09-15T16:48:10.030988Z[0m [32m INFO[0m [2mkafka_backup_core::segment::writer[0m[2m:[0m Wrote segment device-telemetry/topics/device-telemetry/partition=3/segment-00000000000005171276.bin.zst with 64634 records (134217747 -> 52061832 bytes, 2.6x compression)
[2m2026-09-15T16:48:10.238572Z[0m [32m INFO[0m [2mkafka_backup_core::segment::writer[0m[2m:[0m Wrote segment device-telemetry/topics/device-telemetry/partition=1/segment-00000000000005236009.bin.zst with 64636 records (134218678 -> 52060093 bytes, 2.6x compression)
[2m2026-09-15T16:48:10.239416Z[0m [32m INFO[0m [2mkafka_backup_core::segment::writer[0m[2m:[0m Wrote segment device-telemetry/topics/device-telemetry/partition=2/segment-00000000000005171645.bin.zst with 64638 records (134218005 -> 52062698 bytes, 2.6x compression)
[2m2026-09-15T16:48:10.258807Z[0m [32m INFO[0m [2mkafka_backup_core::segment::writer[0m[2m:[0m Wrote segment device-telemetry/topics/device-telemetry/partition=5/segment-00000000000005236135.bin.zst with 64637 records (134218178 -> 52060356 bytes, 2.6x compression)
[2m2026-09-15T16:48:10.479637Z[0m [32m INFO[0m [2mkafka_backup_core::segment::writer[0m[2m:[0m Wrote segment device-telemetry/topics/device-telemetry/partition=4/segment-00000000000005236186.bin.zst with 64638 records (134219763 -> 52061228 bytes, 2.6x compression)
[2m2026-09-15T16:48:10.502617Z[0m [32m INFO[0m [2mkafka_backup_core::segment::writer[0m[2m:[0m Wrote segment device-telemetry/topics/device-telemetry/partition=0/segment-00000000000005236148.bin.zst with 64639 records (134219630 -> 52060316 bytes, 2.6x compression)
[2m2026-09-15T16:48:10.529975Z[0m [32m INFO[0m [2mkafka_backup_core::segment::writer[0m[2m:[0m Wrote segment device-telemetry/topics/device-telemetry/partition=3/segment-00000000000005235910.bin.zst with 64635 records (134218359 -> 52063118 bytes, 2.6x compression)
[2m2026-09-15T16:48:10.735651Z[0m [32m INFO[0m [2mkafka_backup_core::segment::writer[0m[2m:[0m Wrote segment device-telemetry/topics/device-telemetry/partition=2/segment-00000000000005236283.bin.zst with 64638 records (134219021 -> 52063758 bytes, 2.6x compression)
[2m2026-09-15T16:48:10.737679Z[0m [32m INFO[0m [2mkafka_backup_core::segment::writer[0m[2m:[0m Wrote segment device-telemetry/topics/device-telemetry/partition=1/segment-00000000000005300645.bin.zst with 64637 records (134219116 -> 52061987 bytes, 2.6x compression)
[2m2026-09-15T16:48:10.750821Z[0m [32m INFO[0m [2mkafka_backup_core::segment::writer[0m[2m:[0m Wrote segment device-telemetry/topics/device-telemetry/partition=5/segment-00000000000005300772.bin.zst with 64636 records (134219008 -> 52062787 bytes, 2.6x compression)
[2m2026-09-15T16:48:10.979046Z[0m [32m INFO[0m [2mkafka_backup_core::segment::writer[0m[2m:[0m Wrote segment device-telemetry/topics/device-telemetry/partition=4/segment-00000000000005300824.bin.zst with 64639 records (134218729 -> 52059304 bytes, 2.6x compression)
[2m2026-09-15T16:48:11.003754Z[0m [32m INFO[0m [2mkafka_backup_core::segment::writer[0m[2m:[0m Wrote segment device-telemetry/topics/device-telemetry/partition=0/segment-00000000000005300787.bin.zst with 64638 records (134218682 -> 52062194 bytes, 2.6x compression)
[2m2026-09-15T16:48:11.032390Z[0m [32m INFO[0m [2mkafka_backup_core::segment::writer[0m[2m:[0m Wrote segment device-telemetry/topics/device-telemetry/partition=3/segment-00000000000005300545.bin.zst with 64635 records (134219068 -> 52060998 bytes, 2.6x compression)
[2m2026-09-15T16:48:11.243857Z[0m [32m INFO[0m [2mkafka_backup_core::segment::writer[0m[2m:[0m Wrote segment device-telemetry/topics/device-telemetry/partition=2/segment-00000000000005300921.bin.zst with 64639 records (134218903 -> 52064175 bytes, 2.6x compression)
[2m2026-09-15T16:48:11.246635Z[0m [32m INFO[0m [2mkafka_backup_core::segment::writer[0m[2m:[0m Wrote segment device-telemetry/topics/device-telemetry/partition=1/segment-00000000000005365282.bin.zst with 64636 records (134218835 -> 52063450 bytes, 2.6x compression)
[2m2026-09-15T16:48:11.257541Z[0m [32m INFO[0m [2mkafka_backup_core::segment::writer[0m[2m:[0m Wrote segment device-telemetry/topics/device-telemetry/partition=5/segment-00000000000005365408.bin.zst with 64637 records (134218485 -> 52063164 bytes, 2.6x compression)
[2m2026-09-15T16:48:11.490971Z[0m [32m INFO[0m [2mkafka_backup_core::segment::writer[0m[2m:[0m Wrote segment device-telemetry/topics/device-telemetry/partition=4/segment-00000000000005365463.bin.zst with 64636 records (134218154 -> 52058586 bytes, 2.6x compression)
[2m2026-09-15T16:48:11.550983Z[0m [32m INFO[0m [2mkafka_backup_core::segment::writer[0m[2m:[0m Wrote segment device-telemetry/topics/device-telemetry/partition=3/segment-00000000000005365180.bin.zst with 64635 records (134218324 -> 52062823 bytes, 2.6x compression)
[2m2026-09-15T16:48:11.585055Z[0m [32m INFO[0m [2mkafka_backup_core::segment::writer[0m[2m:[0m Wrote segment device-telemetry/topics/device-telemetry/partition=0/segment-00000000000005365425.bin.zst with 64637 records (134219154 -> 52060681 bytes, 2.6x compression)
[2m2026-09-15T16:48:11.763353Z[0m [32m INFO[0m [2mkafka_backup_core::segment::writer[0m[2m:[0m Wrote segment device-telemetry/topics/device-telemetry/partition=2/segment-00000000000005365560.bin.zst with 64639 records (134218929 -> 52065631 bytes, 2.6x compression)
[2m2026-09-15T16:48:11.767974Z[0m [32m INFO[0m [2mkafka_backup_core::segment::writer[0m[2m:[0m Wrote segment device-telemetry/topics/device-telemetry/partition=1/segment-00000000000005429918.bin.zst with 64637 records (134219692 -> 52063301 bytes, 2.6x compression)
[2m2026-09-15T16:48:11.901897Z[0m [32m INFO[0m [2mkafka_backup_core::segment::writer[0m[2m:[0m Wrote segment device-telemetry/topics/device-telemetry/partition=5/segment-00000000000005430045.bin.zst with 64636 records (134218351 -> 52062814 bytes, 2.6x compression)
[2m2026-09-15T16:48:12.012418Z[0m [32m INFO[0m [2mkafka_backup_core::segment::writer[0m[2m:[0m Wrote segment device-telemetry/topics/device-telemetry/partition=4/segment-00000000000005430099.bin.zst with 64638 records (134219614 -> 52062584 bytes, 2.6x compression)
[2m2026-09-15T16:48:12.063786Z[0m [32m INFO[0m [2mkafka_backup_core::segment::writer[0m[2m:[0m Wrote segment device-telemetry/topics/device-telemetry/partition=3/segment-00000000000005429815.bin.zst with 64634 records (134218086 -> 52060213 bytes, 2.6x compression)
[2m2026-09-15T16:48:12.103896Z[0m [32m INFO[0m [2mkafka_backup_core::segment::writer[0m[2m:[0m Wrote segment device-telemetry/topics/device-telemetry/partition=0/segment-00000000000005430062.bin.zst with 64638 records (134218586 -> 52059067 bytes, 2.6x compression)
[2m2026-09-15T16:48:12.293836Z[0m [32m INFO[0m [2mkafka_backup_core::segment::writer[0m[2m:[0m Wrote segment device-telemetry/topics/device-telemetry/partition=2/segment-00000000000005430199.bin.zst with 64639 records (134219013 -> 52063338 bytes, 2.6x compression)
[2m2026-09-15T16:48:12.296436Z[0m [32m INFO[0m [2mkafka_backup_core::segment::writer[0m[2m:[0m Wrote segment device-telemetry/topics/device-telemetry/partition=1/segment-00000000000005494555.bin.zst with 64636 records (134219148 -> 52061101 bytes, 2.6x compression)
[2m2026-09-15T16:48:12.404263Z[0m [32m INFO[0m [2mkafka_backup_core::segment::writer[0m[2m:[0m Wrote segment device-telemetry/topics/device-telemetry/partition=5/segment-00000000000005494681.bin.zst with 64638 records (134219812 -> 52058607 bytes, 2.6x compression)
[2m2026-09-15T16:48:12.517822Z[0m [32m INFO[0m [2mkafka_backup_core::segment::writer[0m[2m:[0m Wrote segment device-telemetry/topics/device-telemetry/partition=4/segment-00000000000005494737.bin.zst with 64638 records (134217865 -> 52058254 bytes, 2.6x compression)
[2m2026-09-15T16:48:12.616248Z[0m [32m INFO[0m [2mkafka_backup_core::segment::writer[0m[2m:[0m Wrote segment device-telemetry/topics/device-telemetry/partition=0/segment-00000000000005494700.bin.zst with 64637 records (134217905 -> 52063340 bytes, 2.6x compression)
[2m2026-09-15T16:48:12.637151Z[0m [32m INFO[0m [2mkafka_backup_core::segment::writer[0m[2m:[0m Wrote segment device-telemetry/topics/device-telemetry/partition=3/segment-00000000000005494449.bin.zst with 64634 records (134219117 -> 52064819 bytes, 2.6x compression)
[2m2026-09-15T16:48:12.818550Z[0m [32m INFO[0m [2mkafka_backup_core::segment::writer[0m[2m:[0m Wrote segment device-telemetry/topics/device-telemetry/partition=1/segment-00000000000005559191.bin.zst with 64636 records (134218105 -> 52063116 bytes, 2.6x compression)
[2m2026-09-15T16:48:12.818808Z[0m [32m INFO[0m [2mkafka_backup_core::segment::writer[0m[2m:[0m Wrote segment device-telemetry/topics/device-telemetry/partition=2/segment-00000000000005494838.bin.zst with 64637 records (134217808 -> 52066215 bytes, 2.6x compression)
[2m2026-09-15T16:48:12.925706Z[0m [32m INFO[0m [2mkafka_backup_core::segment::writer[0m[2m:[0m Wrote segment device-telemetry/topics/device-telemetry/partition=5/segment-00000000000005559319.bin.zst with 64638 records (134219390 -> 52059171 bytes, 2.6x compression)
[2m2026-09-15T16:48:13.015785Z[0m [32m INFO[0m [2mkafka_backup_core::segment::writer[0m[2m:[0m Wrote segment device-telemetry/topics/device-telemetry/partition=4/segment-00000000000005559375.bin.zst with 64638 records (134219242 -> 52062689 bytes, 2.6x compression)
[2m2026-09-15T16:48:13.138849Z[0m [32m INFO[0m [2mkafka_backup_core::segment::writer[0m[2m:[0m Wrote segment device-telemetry/topics/device-telemetry/partition=3/segment-00000000000005559083.bin.zst with 64635 records (134217937 -> 52060587 bytes, 2.6x compression)
[2m2026-09-15T16:48:13.185520Z[0m [32m INFO[0m [2mkafka_backup_core::segment::writer[0m[2m:[0m Wrote segment device-telemetry/topics/device-telemetry/partition=0/segment-00000000000005559337.bin.zst with 64637 records (134218318 -> 52062698 bytes, 2.6x compression)
[2m2026-09-15T16:48:13.317815Z[0m [32m INFO[0m [2mkafka_backup_core::segment::writer[0m[2m:[0m Wrote segment device-telemetry/topics/device-telemetry/partition=2/segment-00000000000005559475.bin.zst with 64639 records (134219049 -> 52063788 bytes, 2.6x compression)
[2m2026-09-15T16:48:13.324605Z[0m [32m INFO[0m [2mkafka_backup_core::segment::writer[0m[2m:[0m Wrote segment device-telemetry/topics/device-telemetry/partition=1/segment-00000000000005623827.bin.zst with 64636 records (134218302 -> 52062672 bytes, 2.6x compression)
[2m2026-09-15T16:48:13.422933Z[0m [32m INFO[0m [2mkafka_backup_core::segment::writer[0m[2m:[0m Wrote segment device-telemetry/topics/device-telemetry/partition=5/segment-00000000000005623957.bin.zst with 64636 records (134218045 -> 52061818 bytes, 2.6x compression)
[2m2026-09-15T16:48:13.521126Z[0m [32m INFO[0m [2mkafka_backup_core::segment::writer[0m[2m:[0m Wrote segment device-telemetry/topics/device-telemetry/partition=4/segment-00000000000005624013.bin.zst with 64638 records (134219542 -> 52062418 bytes, 2.6x compression)
[2m2026-09-15T16:48:13.654234Z[0m [32m INFO[0m [2mkafka_backup_core::segment::writer[0m[2m:[0m Wrote segment device-telemetry/topics/device-telemetry/partition=3/segment-00000000000005623718.bin.zst with 64635 records (134219810 -> 52061193 bytes, 2.6x compression)
[2m2026-09-15T16:48:13.780877Z[0m [32m INFO[0m [2mkafka_backup_core::segment::writer[0m[2m:[0m Wrote segment device-telemetry/topics/device-telemetry/partition=0/segment-00000000000005623974.bin.zst with 64637 records (134218169 -> 52062358 bytes, 2.6x compression)
[2m2026-09-15T16:48:13.824554Z[0m [32m INFO[0m [2mkafka_backup_core::segment::writer[0m[2m:[0m Wrote segment device-telemetry/topics/device-telemetry/partition=2/segment-00000000000005624114.bin.zst with 64638 records (134218164 -> 52064034 bytes, 2.6x compression)
[2m2026-09-15T16:48:13.824849Z[0m [32m INFO[0m [2mkafka_backup_core::segment::writer[0m[2m:[0m Wrote segment device-telemetry/topics/device-telemetry/partition=1/segment-00000000000005688463.bin.zst with 64635 records (134218347 -> 52063283 bytes, 2.6x compression)
[2m2026-09-15T16:48:13.913113Z[0m [32m INFO[0m [2mkafka_backup_core::segment::writer[0m[2m:[0m Wrote segment device-telemetry/topics/device-telemetry/partition=5/segment-00000000000005688593.bin.zst with 64636 records (134218173 -> 52062313 bytes, 2.6x compression)
[2m2026-09-15T16:48:14.035412Z[0m [32m INFO[0m [2mkafka_backup_core::segment::writer[0m[2m:[0m Wrote segment device-telemetry/topics/device-telemetry/partition=4/segment-00000000000005688651.bin.zst with 64638 records (134217875 -> 52060932 bytes, 2.6x compression)
[2m2026-09-15T16:48:14.137770Z[0m [32m INFO[0m [2mkafka_backup_core::segment::writer[0m[2m:[0m Wrote segment device-telemetry/topics/device-telemetry/partition=3/segment-00000000000005688353.bin.zst with 64634 records (134217764 -> 52064336 bytes, 2.6x compression)
[2m2026-09-15T16:48:14.283722Z[0m [32m INFO[0m [2mkafka_backup_core::segment::writer[0m[2m:[0m Wrote segment device-telemetry/topics/device-telemetry/partition=0/segment-00000000000005688611.bin.zst with 64637 records (134218676 -> 52065570 bytes, 2.6x compression)
[2m2026-09-15T16:48:14.322784Z[0m [32m INFO[0m [2mkafka_backup_core::segment::writer[0m[2m:[0m Wrote segment device-telemetry/topics/device-telemetry/partition=1/segment-00000000000005753098.bin.zst with 64636 records (134219246 -> 52064146 bytes, 2.6x compression)
[2m2026-09-15T16:48:14.323444Z[0m [32m INFO[0m [2mkafka_backup_core::segment::writer[0m[2m:[0m Wrote segment device-telemetry/topics/device-telemetry/partition=2/segment-00000000000005688752.bin.zst with 64639 records (134218402 -> 52060667 bytes, 2.6x compression)
[2m2026-09-15T16:48:14.414540Z[0m [32m INFO[0m [2mkafka_backup_core::segment::writer[0m[2m:[0m Wrote segment device-telemetry/topics/device-telemetry/partition=5/segment-00000000000005753229.bin.zst with 64639 records (134219693 -> 52059640 bytes, 2.6x compression)
[2m2026-09-15T16:48:14.527622Z[0m [32m INFO[0m [2mkafka_backup_core::segment::writer[0m[2m:[0m Wrote segment device-telemetry/topics/device-telemetry/partition=4/segment-00000000000005753289.bin.zst with 64638 records (134219043 -> 52061537 bytes, 2.6x compression)
[2m2026-09-15T16:48:14.631295Z[0m [32m INFO[0m [2mkafka_backup_core::segment::writer[0m[2m:[0m Wrote segment device-telemetry/topics/device-telemetry/partition=3/segment-00000000000005752987.bin.zst with 64635 records (134218659 -> 52062318 bytes, 2.6x compression)
[2m2026-09-15T16:48:14.789368Z[0m [32m INFO[0m [2mkafka_backup_core::segment::writer[0m[2m:[0m Wrote segment device-telemetry/topics/device-telemetry/partition=0/segment-00000000000005753248.bin.zst with 64638 records (134218989 -> 52062471 bytes, 2.6x compression)
[2m2026-09-15T16:48:14.829886Z[0m [32m INFO[0m [2mkafka_backup_core::segment::writer[0m[2m:[0m Wrote segment device-telemetry/topics/device-telemetry/partition=2/segment-00000000000005753391.bin.zst with 64639 records (134218508 -> 52064634 bytes, 2.6x compression)
[2m2026-09-15T16:48:14.830141Z[0m [32m INFO[0m [2mkafka_backup_core::segment::writer[0m[2m:[0m Wrote segment device-telemetry/topics/device-telemetry/partition=1/segment-00000000000005817734.bin.zst with 64637 records (134218714 -> 52063263 bytes, 2.6x compression)
[2m2026-09-15T16:48:14.938321Z[0m [32m INFO[0m [2mkafka_backup_core::segment::writer[0m[2m:[0m Wrote segment device-telemetry/topics/device-telemetry/partition=5/segment-00000000000005817868.bin.zst with 64637 records (134218823 -> 52059116 bytes, 2.6x compression)
[2m2026-09-15T16:48:15.029452Z[0m [32m INFO[0m [2mkafka_backup_core::segment::writer[0m[2m:[0m Wrote segment device-telemetry/topics/device-telemetry/partition=4/segment-00000000000005817927.bin.zst with 64638 records (134219627 -> 52060723 bytes, 2.6x compression)
[2m2026-09-15T16:48:15.118614Z[0m [32m INFO[0m [2mkafka_backup_core::segment::writer[0m[2m:[0m Wrote segment device-telemetry/topics/device-telemetry/partition=3/segment-00000000000005817622.bin.zst with 64634 records (134218889 -> 52064870 bytes, 2.6x compression)
[2m2026-09-15T16:48:15.292201Z[0m [32m INFO[0m [2mkafka_backup_core::segment::writer[0m[2m:[0m Wrote segment device-telemetry/topics/device-telemetry/partition=0/segment-00000000000005817886.bin.zst with 64637 records (134218886 -> 52065366 bytes, 2.6x compression)
[2m2026-09-15T16:48:15.311992Z[0m [32m INFO[0m [2mkafka_backup_core::segment::writer[0m[2m:[0m Wrote segment device-telemetry/topics/device-telemetry/partition=1/segment-00000000000005882371.bin.zst with 64637 records (134219786 -> 52061852 bytes, 2.6x compression)
[2m2026-09-15T16:48:15.323928Z[0m [32m INFO[0m [2mkafka_backup_core::segment::writer[0m[2m:[0m Wrote segment device-telemetry/topics/device-telemetry/partition=2/segment-00000000000005818030.bin.zst with 64639 records (134218150 -> 52064142 bytes, 2.6x compression)
[2m2026-09-15T16:48:15.432461Z[0m [32m INFO[0m [2mkafka_backup_core::segment::writer[0m[2m:[0m Wrote segment device-telemetry/topics/device-telemetry/partition=5/segment-00000000000005882505.bin.zst with 64637 records (134219403 -> 52063561 bytes, 2.6x compression)
[2m2026-09-15T16:48:15.519843Z[0m [32m INFO[0m [2mkafka_backup_core::segment::writer[0m[2m:[0m Wrote segment device-telemetry/topics/device-telemetry/partition=4/segment-00000000000005882565.bin.zst with 64638 records (134219055 -> 52059770 bytes, 2.6x compression)
[2m2026-09-15T16:48:15.605589Z[0m [32m INFO[0m [2mkafka_backup_core::segment::writer[0m[2m:[0m Wrote segment device-telemetry/topics/device-telemetry/partition=3/segment-00000000000005882256.bin.zst with 64635 records (134217873 -> 52060486 bytes, 2.6x compression)
[2m2026-09-15T16:48:15.805171Z[0m [32m INFO[0m [2mkafka_backup_core::segment::writer[0m[2m:[0m Wrote segment device-telemetry/topics/device-telemetry/partition=0/segment-00000000000005882523.bin.zst with 64637 records (134218314 -> 52061457 bytes, 2.6x compression)
[2m2026-09-15T16:48:15.809172Z[0m [32m INFO[0m [2mkafka_backup_core::segment::writer[0m[2m:[0m Wrote segment device-telemetry/topics/device-telemetry/partition=1/segment-00000000000005947008.bin.zst with 64636 records (134219549 -> 52064011 bytes, 2.6x compression)
[2m2026-09-15T16:48:15.821773Z[0m [32m INFO[0m [2mkafka_backup_core::segment::writer[0m[2m:[0m Wrote segment device-telemetry/topics/device-telemetry/partition=2/segment-00000000000005882669.bin.zst with 64638 records (134218323 -> 52065152 bytes, 2.6x compression)
[2m2026-09-15T16:48:15.926836Z[0m [32m INFO[0m [2mkafka_backup_core::segment::writer[0m[2m:[0m Wrote segment device-telemetry/topics/device-telemetry/partition=5/segment-00000000000005947142.bin.zst with 64637 records (134218334 -> 52060301 bytes, 2.6x compression)
[2m2026-09-15T16:48:16.012654Z[0m [32m INFO[0m [2mkafka_backup_core::segment::writer[0m[2m:[0m Wrote segment device-telemetry/topics/device-telemetry/partition=4/segment-00000000000005947203.bin.zst with 64637 records (134218390 -> 52061706 bytes, 2.6x compression)
[2m2026-09-15T16:48:16.091175Z[0m [32m INFO[0m [2mkafka_backup_core::segment::writer[0m[2m:[0m Wrote segment device-telemetry/topics/device-telemetry/partition=3/segment-00000000000005946891.bin.zst with 64635 records (134217924 -> 52062988 bytes, 2.6x compression)
[2m2026-09-15T16:48:16.319307Z[0m [32m INFO[0m [2mkafka_backup_core::segment::writer[0m[2m:[0m Wrote segment device-telemetry/topics/device-telemetry/partition=1/segment-00000000000006011644.bin.zst with 64636 records (134218460 -> 52062448 bytes, 2.6x compression)
[2m2026-09-15T16:48:16.320951Z[0m [32m INFO[0m [2mkafka_backup_core::segment::writer[0m[2m:[0m Wrote segment device-telemetry/topics/device-telemetry/partition=2/segment-00000000000005947307.bin.zst with 64639 records (134218598 -> 52066267 bytes, 2.6x compression)
[2m2026-09-15T16:48:16.321336Z[0m [32m INFO[0m [2mkafka_backup_core::segment::writer[0m[2m:[0m Wrote segment device-telemetry/topics/device-telemetry/partition=0/segment-00000000000005947160.bin.zst with 64638 records (134219297 -> 52058972 bytes, 2.6x compression)
[2m2026-09-15T16:48:16.419976Z[0m [32m INFO[0m [2mkafka_backup_core::segment::writer[0m[2m:[0m Wrote segment device-telemetry/topics/device-telemetry/partition=5/segment-00000000000006011779.bin.zst with 64637 records (134218259 -> 52060176 bytes, 2.6x compression)
[2m2026-09-15T16:48:16.510902Z[0m [32m INFO[0m [2mkafka_backup_core::segment::writer[0m[2m:[0m Wrote segment device-telemetry/topics/device-telemetry/partition=4/segment-00000000000006011840.bin.zst with 64638 records (134219472 -> 52060273 bytes, 2.6x compression)
[2m2026-09-15T16:48:16.590197Z[0m [32m INFO[0m [2mkafka_backup_core::segment::writer[0m[2m:[0m Wrote segment device-telemetry/topics/device-telemetry/partition=3/segment-00000000000006011526.bin.zst with 64636 records (134219636 -> 52063059 bytes, 2.6x compression)
[2m2026-09-15T16:48:16.835399Z[0m [32m INFO[0m [2mkafka_backup_core::segment::writer[0m[2m:[0m Wrote segment device-telemetry/topics/device-telemetry/partition=2/segment-00000000000006011946.bin.zst with 64639 records (134218899 -> 52064719 bytes, 2.6x compression)
[2m2026-09-15T16:48:16.839008Z[0m [32m INFO[0m [2mkafka_backup_core::segment::writer[0m[2m:[0m Wrote segment device-telemetry/topics/device-telemetry/partition=0/segment-00000000000006011798.bin.zst with 64638 records (134219636 -> 52061336 bytes, 2.6x compression)
[2m2026-09-15T16:48:16.839354Z[0m [32m INFO[0m [2mkafka_backup_core::segment::writer[0m[2m:[0m Wrote segment device-telemetry/topics/device-telemetry/partition=1/segment-00000000000006076280.bin.zst with 64635 records (134219052 -> 52065516 bytes, 2.6x compression)
[2m2026-09-15T16:48:16.989322Z[0m [32m INFO[0m [2mkafka_backup_core::segment::writer[0m[2m:[0m Wrote segment device-telemetry/topics/device-telemetry/partition=5/segment-00000000000006076416.bin.zst with 64638 records (134219594 -> 52059254 bytes, 2.6x compression)
[2m2026-09-15T16:48:17.004639Z[0m [32m INFO[0m [2mkafka_backup_core::segment::writer[0m[2m:[0m Wrote segment device-telemetry/topics/device-telemetry/partition=4/segment-00000000000006076478.bin.zst with 64638 records (134218714 -> 52060605 bytes, 2.6x compression)
[2m2026-09-15T16:48:17.087793Z[0m [32m INFO[0m [2mkafka_backup_core::segment::writer[0m[2m:[0m Wrote segment device-telemetry/topics/device-telemetry/partition=3/segment-00000000000006076162.bin.zst with 64635 records (134219291 -> 52064992 bytes, 2.6x compression)
[2m2026-09-15T16:48:17.366332Z[0m [32m INFO[0m [2mkafka_backup_core::segment::writer[0m[2m:[0m Wrote segment device-telemetry/topics/device-telemetry/partition=0/segment-00000000000006076436.bin.zst with 64636 records (134218251 -> 52063703 bytes, 2.6x compression)
[2m2026-09-15T16:48:17.367324Z[0m [32m INFO[0m [2mkafka_backup_core::segment::writer[0m[2m:[0m Wrote segment device-telemetry/topics/device-telemetry/partition=1/segment-00000000000006140915.bin.zst with 64636 records (134217953 -> 52060389 bytes, 2.6x compression)
[2m2026-09-15T16:48:17.370151Z[0m [32m INFO[0m [2mkafka_backup_core::segment::writer[0m[2m:[0m Wrote segment device-telemetry/topics/device-telemetry/partition=2/segment-00000000000006076585.bin.zst with 64639 records (134218502 -> 52064000 bytes, 2.6x compression)
[2m2026-09-15T16:48:17.488012Z[0m [32m INFO[0m [2mkafka_backup_core::segment::writer[0m[2m:[0m Wrote segment device-telemetry/topics/device-telemetry/partition=5/segment-00000000000006141054.bin.zst with 64637 records (134219255 -> 52061461 bytes, 2.6x compression)
[2m2026-09-15T16:48:17.506138Z[0m [32m INFO[0m [2mkafka_backup_core::segment::writer[0m[2m:[0m Wrote segment device-telemetry/topics/device-telemetry/partition=4/segment-00000000000006141116.bin.zst with 64638 records (134217848 -> 52057946 bytes, 2.6x compression)
[2m2026-09-15T16:48:17.584304Z[0m [32m INFO[0m [2mkafka_backup_core::segment::writer[0m[2m:[0m Wrote segment device-telemetry/topics/device-telemetry/partition=3/segment-00000000000006140797.bin.zst with 64635 records (134219707 -> 52061099 bytes, 2.6x compression)
[2m2026-09-15T16:48:17.862674Z[0m [32m INFO[0m [2mkafka_backup_core::segment::writer[0m[2m:[0m Wrote segment device-telemetry/topics/device-telemetry/partition=0/segment-00000000000006141072.bin.zst with 64637 records (134218412 -> 52060594 bytes, 2.6x compression)
[2m2026-09-15T16:48:17.863132Z[0m [32m INFO[0m [2mkafka_backup_core::segment::writer[0m[2m:[0m Wrote segment device-telemetry/topics/device-telemetry/partition=1/segment-00000000000006205551.bin.zst with 64607 records (134218093 -> 52049165 bytes, 2.6x compression)
[2m2026-09-15T16:48:17.886734Z[0m [32m INFO[0m [2mkafka_backup_core::segment::writer[0m[2m:[0m Wrote segment device-telemetry/topics/device-telemetry/partition=2/segment-00000000000006141224.bin.zst with 64640 records (134217908 -> 52059340 bytes, 2.6x compression)
[2m2026-09-15T16:48:17.975645Z[0m [32m INFO[0m [2mkafka_backup_core::segment::writer[0m[2m:[0m Wrote segment device-telemetry/topics/device-telemetry/partition=5/segment-00000000000006205691.bin.zst with 64608 records (134219187 -> 52049658 bytes, 2.6x compression)
[2m2026-09-15T16:48:17.988216Z[0m [32m INFO[0m [2mkafka_backup_core::segment::writer[0m[2m:[0m Wrote segment device-telemetry/topics/device-telemetry/partition=4/segment-00000000000006205754.bin.zst with 64609 records (134219374 -> 52048455 bytes, 2.6x compression)
[2m2026-09-15T16:48:18.082309Z[0m [32m INFO[0m [2mkafka_backup_core::segment::writer[0m[2m:[0m Wrote segment device-telemetry/topics/device-telemetry/partition=3/segment-00000000000006205432.bin.zst with 64607 records (134218068 -> 52052740 bytes, 2.6x compression)
[2m2026-09-15T16:48:18.356866Z[0m [32m INFO[0m [2mkafka_backup_core::segment::writer[0m[2m:[0m Wrote segment device-telemetry/topics/device-telemetry/partition=1/segment-00000000000006270158.bin.zst with 64358 records (134219596 -> 51952986 bytes, 2.6x compression)
[2m2026-09-15T16:48:18.361839Z[0m [32m INFO[0m [2mkafka_backup_core::segment::writer[0m[2m:[0m Wrote segment device-telemetry/topics/device-telemetry/partition=0/segment-00000000000006205709.bin.zst with 64608 records (134219308 -> 52050524 bytes, 2.6x compression)
[2m2026-09-15T16:48:18.382806Z[0m [32m INFO[0m [2mkafka_backup_core::segment::writer[0m[2m:[0m Wrote segment device-telemetry/topics/device-telemetry/partition=2/segment-00000000000006205864.bin.zst with 64608 records (134218512 -> 52051497 bytes, 2.6x compression)
[2m2026-09-15T16:48:18.494736Z[0m [32m INFO[0m [2mkafka_backup_core::segment::writer[0m[2m:[0m Wrote segment device-telemetry/topics/device-telemetry/partition=4/segment-00000000000006270363.bin.zst with 64359 records (134218054 -> 51954911 bytes, 2.6x compression)
[2m2026-09-15T16:48:18.495083Z[0m [32m INFO[0m [2mkafka_backup_core::segment::writer[0m[2m:[0m Wrote segment device-telemetry/topics/device-telemetry/partition=5/segment-00000000000006270299.bin.zst with 64358 records (134219409 -> 51954664 bytes, 2.6x compression)
[2m2026-09-15T16:48:18.584201Z[0m [32m INFO[0m [2mkafka_backup_core::segment::writer[0m[2m:[0m Wrote segment device-telemetry/topics/device-telemetry/partition=3/segment-00000000000006270039.bin.zst with 64356 records (134219462 -> 51953693 bytes, 2.6x compression)
[2m2026-09-15T16:48:18.881360Z[0m [32m INFO[0m [2mkafka_backup_core::segment::writer[0m[2m:[0m Wrote segment device-telemetry/topics/device-telemetry/partition=1/segment-00000000000006334516.bin.zst with 64357 records (134218399 -> 51952732 bytes, 2.6x compression)
[2m2026-09-15T16:48:18.883605Z[0m [32m INFO[0m [2mkafka_backup_core::segment::writer[0m[2m:[0m Wrote segment device-telemetry/topics/device-telemetry/partition=2/segment-00000000000006270472.bin.zst with 64361 records (134219567 -> 51958738 bytes, 2.6x compression)
[2m2026-09-15T16:48:18.883854Z[0m [32m INFO[0m [2mkafka_backup_core::segment::writer[0m[2m:[0m Wrote segment device-telemetry/topics/device-telemetry/partition=0/segment-00000000000006270317.bin.zst with 64358 records (134219744 -> 51955780 bytes, 2.6x compression)
[2m2026-09-15T16:48:19.018540Z[0m [32m INFO[0m [2mkafka_backup_core::segment::writer[0m[2m:[0m Wrote segment device-telemetry/topics/device-telemetry/partition=4/segment-00000000000006334722.bin.zst with 64360 records (134219770 -> 51954261 bytes, 2.6x compression)
[2m2026-09-15T16:48:19.018826Z[0m [32m INFO[0m [2mkafka_backup_core::segment::writer[0m[2m:[0m Wrote segment device-telemetry/topics/device-telemetry/partition=5/segment-00000000000006334657.bin.zst with 64358 records (134218502 -> 51954446 bytes, 2.6x compression)
[2m2026-09-15T16:48:19.102714Z[0m [32m INFO[0m [2mkafka_backup_core::segment::writer[0m[2m:[0m Wrote segment device-telemetry/topics/device-telemetry/partition=3/segment-00000000000006334395.bin.zst with 64356 records (134218116 -> 51953257 bytes, 2.6x compression)
[2m2026-09-15T16:48:19.411811Z[0m [32m INFO[0m [2mkafka_backup_core::segment::writer[0m[2m:[0m Wrote segment device-telemetry/topics/device-telemetry/partition=1/segment-00000000000006398873.bin.zst with 64358 records (134219344 -> 51955174 bytes, 2.6x compression)
[2m2026-09-15T16:48:19.415263Z[0m [32m INFO[0m [2mkafka_backup_core::segment::writer[0m[2m:[0m Wrote segment device-telemetry/topics/device-telemetry/partition=2/segment-00000000000006334833.bin.zst with 64359 records (134218088 -> 51957538 bytes, 2.6x compression)
[2m2026-09-15T16:48:19.415577Z[0m [32m INFO[0m [2mkafka_backup_core::segment::writer[0m[2m:[0m Wrote segment device-telemetry/topics/device-telemetry/partition=0/segment-00000000000006334675.bin.zst with 64358 records (134218098 -> 51957101 bytes, 2.6x compression)
[2m2026-09-15T16:48:19.560758Z[0m [32m INFO[0m [2mkafka_backup_core::segment::writer[0m[2m:[0m Wrote segment device-telemetry/topics/device-telemetry/partition=4/segment-00000000000006399082.bin.zst with 64359 records (134219220 -> 51953649 bytes, 2.6x compression)
[2m2026-09-15T16:48:19.561386Z[0m [32m INFO[0m [2mkafka_backup_core::segment::writer[0m[2m:[0m Wrote segment device-telemetry/topics/device-telemetry/partition=5/segment-00000000000006399015.bin.zst with 64359 records (134219793 -> 51952249 bytes, 2.6x compression)
[2m2026-09-15T16:48:19.617548Z[0m [32m INFO[0m [2mkafka_backup_core::segment::writer[0m[2m:[0m Wrote segment device-telemetry/topics/device-telemetry/partition=3/segment-00000000000006398751.bin.zst with 64355 records (134218924 -> 51957333 bytes, 2.6x compression)
[2m2026-09-15T16:48:19.926608Z[0m [32m INFO[0m [2mkafka_backup_core::segment::writer[0m[2m:[0m Wrote segment device-telemetry/topics/device-telemetry/partition=1/segment-00000000000006463231.bin.zst with 64357 records (134219191 -> 51953937 bytes, 2.6x compression)
[2m2026-09-15T16:48:19.952198Z[0m [32m INFO[0m [2mkafka_backup_core::segment::writer[0m[2m:[0m Wrote segment device-telemetry/topics/device-telemetry/partition=0/segment-00000000000006399033.bin.zst with 64359 records (134218821 -> 51954313 bytes, 2.6x compression)
[2m2026-09-15T16:48:19.957358Z[0m [32m INFO[0m [2mkafka_backup_core::segment::writer[0m[2m:[0m Wrote segment device-telemetry/topics/device-telemetry/partition=2/segment-00000000000006399192.bin.zst with 64361 records (134219630 -> 51957922 bytes, 2.6x compression)
[2m2026-09-15T16:48:20.140541Z[0m [32m INFO[0m [2mkafka_backup_core::segment::writer[0m[2m:[0m Wrote segment device-telemetry/topics/device-telemetry/partition=4/segment-00000000000006463441.bin.zst with 64358 records (134217927 -> 51954006 bytes, 2.6x compression)
[2m2026-09-15T16:48:20.145376Z[0m [32m INFO[0m [2mkafka_backup_core::segment::writer[0m[2m:[0m Wrote segment device-telemetry/topics/device-telemetry/partition=5/segment-00000000000006463374.bin.zst with 64358 records (134217803 -> 51952677 bytes, 2.6x compression)
[2m2026-09-15T16:48:20.145876Z[0m [32m INFO[0m [2mkafka_backup_core::segment::writer[0m[2m:[0m Wrote segment device-telemetry/topics/device-telemetry/partition=3/segment-00000000000006463106.bin.zst with 64355 records (134218939 -> 51955569 bytes, 2.6x compression)
[2m2026-09-15T16:48:20.485648Z[0m [32m INFO[0m [2mkafka_backup_core::segment::writer[0m[2m:[0m Wrote segment device-telemetry/topics/device-telemetry/partition=1/segment-00000000000006527588.bin.zst with 64356 records (134218718 -> 51957619 bytes, 2.6x compression)
[2m2026-09-15T16:48:20.490010Z[0m [32m INFO[0m [2mkafka_backup_core::segment::writer[0m[2m:[0m Wrote segment device-telemetry/topics/device-telemetry/partition=2/segment-00000000000006463553.bin.zst with 64361 records (134218505 -> 51953246 bytes, 2.6x compression)
[2m2026-09-15T16:48:20.491060Z[0m [32m INFO[0m [2mkafka_backup_core::segment::writer[0m[2m:[0m Wrote segment device-telemetry/topics/device-telemetry/partition=0/segment-00000000000006463392.bin.zst with 64359 records (134219333 -> 51954655 bytes, 2.6x compression)
[2m2026-09-15T16:48:20.671925Z[0m [32m INFO[0m [2mkafka_backup_core::segment::writer[0m[2m:[0m Wrote segment device-telemetry/topics/device-telemetry/partition=4/segment-00000000000006527799.bin.zst with 64358 records (134217746 -> 51956334 bytes, 2.6x compression)
[2m2026-09-15T16:48:20.703919Z[0m [32m INFO[0m [2mkafka_backup_core::segment::writer[0m[2m:[0m Wrote segment device-telemetry/topics/device-telemetry/partition=5/segment-00000000000006527732.bin.zst with 64359 records (134219161 -> 51952587 bytes, 2.6x compression)
[2m2026-09-15T16:48:20.708255Z[0m [32m INFO[0m [2mkafka_backup_core::segment::writer[0m[2m:[0m Wrote segment device-telemetry/topics/device-telemetry/partition=3/segment-00000000000006527461.bin.zst with 64356 records (134219169 -> 51959058 bytes, 2.6x compression)
[2m2026-09-15T16:48:21.050833Z[0m [32m INFO[0m [2mkafka_backup_core::segment::writer[0m[2m:[0m Wrote segment device-telemetry/topics/device-telemetry/partition=1/segment-00000000000006591944.bin.zst with 64358 records (134219005 -> 51956351 bytes, 2.6x compression)
[2m2026-09-15T16:48:21.057219Z[0m [32m INFO[0m [2mkafka_backup_core::segment::writer[0m[2m:[0m Wrote segment device-telemetry/topics/device-telemetry/partition=2/segment-00000000000006527914.bin.zst with 64361 records (134219527 -> 51954066 bytes, 2.6x compression)
[2m2026-09-15T16:48:21.060503Z[0m [32m INFO[0m [2mkafka_backup_core::segment::writer[0m[2m:[0m Wrote segment device-telemetry/topics/device-telemetry/partition=0/segment-00000000000006527751.bin.zst with 64359 records (134219030 -> 51953622 bytes, 2.6x compression)
[2m2026-09-15T16:48:21.228539Z[0m [32m INFO[0m [2mkafka_backup_core::segment::writer[0m[2m:[0m Wrote segment device-telemetry/topics/device-telemetry/partition=4/segment-00000000000006592157.bin.zst with 64359 records (134219758 -> 51955623 bytes, 2.6x compression)
[2m2026-09-15T16:48:21.282612Z[0m [32m INFO[0m [2mkafka_backup_core::segment::writer[0m[2m:[0m Wrote segment device-telemetry/topics/device-telemetry/partition=3/segment-00000000000006591817.bin.zst with 64356 records (134218038 -> 51954900 bytes, 2.6x compression)
[2m2026-09-15T16:48:21.285877Z[0m [32m INFO[0m [2mkafka_backup_core::segment::writer[0m[2m:[0m Wrote segment device-telemetry/topics/device-telemetry/partition=5/segment-00000000000006592091.bin.zst with 64358 records (134218900 -> 51955355 bytes, 2.6x compression)
[2m2026-09-15T16:48:21.627667Z[0m [32m INFO[0m [2mkafka_backup_core::segment::writer[0m[2m:[0m Wrote segment device-telemetry/topics/device-telemetry/partition=2/segment-00000000000006592275.bin.zst with 64360 records (134219665 -> 51957038 bytes, 2.6x compression)
[2m2026-09-15T16:48:21.632822Z[0m [32m INFO[0m [2mkafka_backup_core::segment::writer[0m[2m:[0m Wrote segment device-telemetry/topics/device-telemetry/partition=1/segment-00000000000006656302.bin.zst with 64356 records (134219122 -> 51956192 bytes, 2.6x compression)
[2m2026-09-15T16:48:21.636317Z[0m [32m INFO[0m [2mkafka_backup_core::segment::writer[0m[2m:[0m Wrote segment device-telemetry/topics/device-telemetry/partition=0/segment-00000000000006592110.bin.zst with 64358 records (134219062 -> 51952938 bytes, 2.6x compression)
[2m2026-09-15T16:48:21.760534Z[0m [32m INFO[0m [2mkafka_backup_core::segment::writer[0m[2m:[0m Wrote segment device-telemetry/topics/device-telemetry/partition=4/segment-00000000000006656516.bin.zst with 64359 records (134218812 -> 51953831 bytes, 2.6x compression)
[2m2026-09-15T16:48:21.824388Z[0m [32m INFO[0m [2mkafka_backup_core::segment::writer[0m[2m:[0m Wrote segment device-telemetry/topics/device-telemetry/partition=3/segment-00000000000006656173.bin.zst with 64356 records (134218602 -> 51956380 bytes, 2.6x compression)
[2m2026-09-15T16:48:21.837035Z[0m [32m INFO[0m [2mkafka_backup_core::segment::writer[0m[2m:[0m Wrote segment device-telemetry/topics/device-telemetry/partition=5/segment-00000000000006656449.bin.zst with 64359 records (134217993 -> 51952007 bytes, 2.6x compression)
[2m2026-09-15T16:48:22.184767Z[0m [32m INFO[0m [2mkafka_backup_core::segment::writer[0m[2m:[0m Wrote segment device-telemetry/topics/device-telemetry/partition=2/segment-00000000000006656635.bin.zst with 64360 records (134217991 -> 51956301 bytes, 2.6x compression)
[2m2026-09-15T16:48:22.195103Z[0m [32m INFO[0m [2mkafka_backup_core::segment::writer[0m[2m:[0m Wrote segment device-telemetry/topics/device-telemetry/partition=1/segment-00000000000006720658.bin.zst with 64357 records (134219793 -> 51956870 bytes, 2.6x compression)
[2m2026-09-15T16:48:22.195903Z[0m [32m INFO[0m [2mkafka_backup_core::segment::writer[0m[2m:[0m Wrote segment device-telemetry/topics/device-telemetry/partition=0/segment-00000000000006656468.bin.zst with 64359 records (134218161 -> 51953027 bytes, 2.6x compression)
[2m2026-09-15T16:48:22.308401Z[0m [32m INFO[0m [2mkafka_backup_core::segment::writer[0m[2m:[0m Wrote segment device-telemetry/topics/device-telemetry/partition=4/segment-00000000000006720875.bin.zst with 64358 records (134218724 -> 51953155 bytes, 2.6x compression)
[2m2026-09-15T16:48:22.378921Z[0m [32m INFO[0m [2mkafka_backup_core::segment::writer[0m[2m:[0m Wrote segment device-telemetry/topics/device-telemetry/partition=3/segment-00000000000006720529.bin.zst with 64357 records (134219814 -> 51953111 bytes, 2.6x compression)
[2m2026-09-15T16:48:22.388073Z[0m [32m INFO[0m [2mkafka_backup_core::segment::writer[0m[2m:[0m Wrote segment device-telemetry/topics/device-telemetry/partition=5/segment-00000000000006720808.bin.zst with 64359 records (134218936 -> 51955035 bytes, 2.6x compression)
[2m2026-09-15T16:48:22.761532Z[0m [32m INFO[0m [2mkafka_backup_core::segment::writer[0m[2m:[0m Wrote segment device-telemetry/topics/device-telemetry/partition=1/segment-00000000000006785015.bin.zst with 64357 records (134218870 -> 51957092 bytes, 2.6x compression)
[2m2026-09-15T16:48:22.771059Z[0m [32m INFO[0m [2mkafka_backup_core::segment::writer[0m[2m:[0m Wrote segment device-telemetry/topics/device-telemetry/partition=2/segment-00000000000006720995.bin.zst with 64360 records (134218810 -> 51954556 bytes, 2.6x compression)
[2m2026-09-15T16:48:22.778080Z[0m [32m INFO[0m [2mkafka_backup_core::segment::writer[0m[2m:[0m Wrote segment device-telemetry/topics/device-telemetry/partition=0/segment-00000000000006720827.bin.zst with 64358 records (134218887 -> 51955693 bytes, 2.6x compression)
[2m2026-09-15T16:48:22.864833Z[0m [32m INFO[0m [2mkafka_backup_core::segment::writer[0m[2m:[0m Wrote segment device-telemetry/topics/device-telemetry/partition=4/segment-00000000000006785233.bin.zst with 64358 records (134217805 -> 51953128 bytes, 2.6x compression)
[2m2026-09-15T16:48:22.919473Z[0m [32m INFO[0m [2mkafka_backup_core::segment::writer[0m[2m:[0m Wrote segment device-telemetry/topics/device-telemetry/partition=3/segment-00000000000006784886.bin.zst with 64356 records (134219216 -> 51954745 bytes, 2.6x compression)
[2m2026-09-15T16:48:22.939960Z[0m [32m INFO[0m [2mkafka_backup_core::segment::writer[0m[2m:[0m Wrote segment device-telemetry/topics/device-telemetry/partition=5/segment-00000000000006785167.bin.zst with 64359 records (134219024 -> 51954817 bytes, 2.6x compression)
[2m2026-09-15T16:48:23.350513Z[0m [32m INFO[0m [2mkafka_backup_core::segment::writer[0m[2m:[0m Wrote segment device-telemetry/topics/device-telemetry/partition=2/segment-00000000000006785355.bin.zst with 64360 records (134219721 -> 51960798 bytes, 2.6x compression)
[2m2026-09-15T16:48:23.354155Z[0m [32m INFO[0m [2mkafka_backup_core::segment::writer[0m[2m:[0m Wrote segment device-telemetry/topics/device-telemetry/partition=1/segment-00000000000006849372.bin.zst with 64357 records (134218908 -> 51956756 bytes, 2.6x compression)
[2m2026-09-15T16:48:23.365493Z[0m [32m INFO[0m [2mkafka_backup_core::segment::writer[0m[2m:[0m Wrote segment device-telemetry/topics/device-telemetry/partition=0/segment-00000000000006785185.bin.zst with 64359 records (134219563 -> 51956133 bytes, 2.6x compression)
[2m2026-09-15T16:48:23.450764Z[0m [32m INFO[0m [2mkafka_backup_core::segment::writer[0m[2m:[0m Wrote segment device-telemetry/topics/device-telemetry/partition=4/segment-00000000000006849591.bin.zst with 64359 records (134218464 -> 51952906 bytes, 2.6x compression)
[2m2026-09-15T16:48:23.471226Z[0m [32m INFO[0m [2mkafka_backup_core::segment::writer[0m[2m:[0m Wrote segment device-telemetry/topics/device-telemetry/partition=3/segment-00000000000006849242.bin.zst with 64355 records (134217901 -> 51953562 bytes, 2.6x compression)
[2m2026-09-15T16:48:23.492241Z[0m [32m INFO[0m [2mkafka_backup_core::segment::writer[0m[2m:[0m Wrote segment device-telemetry/topics/device-telemetry/partition=5/segment-00000000000006849526.bin.zst with 64358 records (134219274 -> 51953855 bytes, 2.6x compression)
[2m2026-09-15T16:48:23.900589Z[0m [32m INFO[0m [2mkafka_backup_core::segment::writer[0m[2m:[0m Wrote segment device-telemetry/topics/device-telemetry/partition=2/segment-00000000000006849715.bin.zst with 64359 records (134219400 -> 51958103 bytes, 2.6x compression)
[2m2026-09-15T16:48:23.948009Z[0m [32m INFO[0m [2mkafka_backup_core::segment::writer[0m[2m:[0m Wrote segment device-telemetry/topics/device-telemetry/partition=1/segment-00000000000006913729.bin.zst with 64357 records (134218961 -> 51955382 bytes, 2.6x compression)
[2m2026-09-15T16:48:23.955958Z[0m [32m INFO[0m [2mkafka_backup_core::segment::writer[0m[2m:[0m Wrote segment device-telemetry/topics/device-telemetry/partition=0/segment-00000000000006849544.bin.zst with 64359 records (134219209 -> 51954477 bytes, 2.6x compression)
[2m2026-09-15T16:48:24.011338Z[0m [32m INFO[0m [2mkafka_backup_core::segment::writer[0m[2m:[0m Wrote segment device-telemetry/topics/device-telemetry/partition=4/segment-00000000000006913950.bin.zst with 64359 records (134218885 -> 51955445 bytes, 2.6x compression)
[2m2026-09-15T16:48:24.036382Z[0m [32m INFO[0m [2mkafka_backup_core::segment::writer[0m[2m:[0m Wrote segment device-telemetry/topics/device-telemetry/partition=5/segment-00000000000006913884.bin.zst with 64358 records (134218399 -> 51953643 bytes, 2.6x compression)
[2m2026-09-15T16:48:24.039563Z[0m [32m INFO[0m [2mkafka_backup_core::segment::writer[0m[2m:[0m Wrote segment device-telemetry/topics/device-telemetry/partition=3/segment-00000000000006913597.bin.zst with 64355 records (134218060 -> 51958966 bytes, 2.6x compression)
[2m2026-09-15T16:48:24.448953Z[0m [32m INFO[0m [2mkafka_backup_core::segment::writer[0m[2m:[0m Wrote segment device-telemetry/topics/device-telemetry/partition=2/segment-00000000000006914074.bin.zst with 64361 records (134219180 -> 51959434 bytes, 2.6x compression)
[2m2026-09-15T16:48:24.510929Z[0m [32m INFO[0m [2mkafka_backup_core::segment::writer[0m[2m:[0m Wrote segment device-telemetry/topics/device-telemetry/partition=1/segment-00000000000006978086.bin.zst with 64357 records (134219430 -> 51956351 bytes, 2.6x compression)
[2m2026-09-15T16:48:24.536014Z[0m [32m INFO[0m [2mkafka_backup_core::segment::writer[0m[2m:[0m Wrote segment device-telemetry/topics/device-telemetry/partition=0/segment-00000000000006913903.bin.zst with 64358 records (134219722 -> 51955312 bytes, 2.6x compression)
[2m2026-09-15T16:48:24.561362Z[0m [32m INFO[0m [2mkafka_backup_core::segment::writer[0m[2m:[0m Wrote segment device-telemetry/topics/device-telemetry/partition=4/segment-00000000000006978309.bin.zst with 64359 records (134219645 -> 51957289 bytes, 2.6x compression)
[2m2026-09-15T16:48:24.592245Z[0m [32m INFO[0m [2mkafka_backup_core::segment::writer[0m[2m:[0m Wrote segment device-telemetry/topics/device-telemetry/partition=5/segment-00000000000006978242.bin.zst with 64357 records (134218120 -> 51955277 bytes, 2.6x compression)
[2m2026-09-15T16:48:24.594940Z[0m [32m INFO[0m [2mkafka_backup_core::segment::writer[0m[2m:[0m Wrote segment device-telemetry/topics/device-telemetry/partition=3/segment-00000000000006977952.bin.zst with 64355 records (134218983 -> 51957766 bytes, 2.6x compression)
[2m2026-09-15T16:48:24.999975Z[0m [32m INFO[0m [2mkafka_backup_core::segment::writer[0m[2m:[0m Wrote segment device-telemetry/topics/device-telemetry/partition=2/segment-00000000000006978435.bin.zst with 64360 records (134219111 -> 51958296 bytes, 2.6x compression)
[2m2026-09-15T16:48:25.067932Z[0m [32m INFO[0m [2mkafka_backup_core::segment::writer[0m[2m:[0m Wrote segment device-telemetry/topics/device-telemetry/partition=1/segment-00000000000007042443.bin.zst with 64358 records (134219778 -> 51956799 bytes, 2.6x compression)
[2m2026-09-15T16:48:25.094294Z[0m [32m INFO[0m [2mkafka_backup_core::segment::writer[0m[2m:[0m Wrote segment device-telemetry/topics/device-telemetry/partition=4/segment-00000000000007042668.bin.zst with 64358 records (134218484 -> 51953699 bytes, 2.6x compression)
[2m2026-09-15T16:48:25.101534Z[0m [32m INFO[0m [2mkafka_backup_core::segment::writer[0m[2m:[0m Wrote segment device-telemetry/topics/device-telemetry/partition=0/segment-00000000000006978261.bin.zst with 64359 records (134218694 -> 51952993 bytes, 2.6x compression)
[2m2026-09-15T16:48:25.180203Z[0m [32m INFO[0m [2mkafka_backup_core::segment::writer[0m[2m:[0m Wrote segment device-telemetry/topics/device-telemetry/partition=3/segment-00000000000007042307.bin.zst with 64355 records (134217870 -> 51957836 bytes, 2.6x compression)
[2m2026-09-15T16:48:25.189961Z[0m [32m INFO[0m [2mkafka_backup_core::segment::writer[0m[2m:[0m Wrote segment device-telemetry/topics/device-telemetry/partition=5/segment-00000000000007042599.bin.zst with 64359 records (134219247 -> 51953183 bytes, 2.6x compression)
[2m2026-09-15T16:48:25.618870Z[0m [32m INFO[0m [2mkafka_backup_core::segment::writer[0m[2m:[0m Wrote segment device-telemetry/topics/device-telemetry/partition=2/segment-00000000000007042795.bin.zst with 64360 records (134218572 -> 51954587 bytes, 2.6x compression)
[2m2026-09-15T16:48:25.632041Z[0m [32m INFO[0m [2mkafka_backup_core::segment::writer[0m[2m:[0m Wrote segment device-telemetry/topics/device-telemetry/partition=1/segment-00000000000007106801.bin.zst with 64357 records (134218685 -> 51956856 bytes, 2.6x compression)
[2m2026-09-15T16:48:25.667161Z[0m [32m INFO[0m [2mkafka_backup_core::segment::writer[0m[2m:[0m Wrote segment device-telemetry/topics/device-telemetry/partition=0/segment-00000000000007042620.bin.zst with 64360 records (134219704 -> 51953178 bytes, 2.6x compression)
[2m2026-09-15T16:48:25.718161Z[0m [32m INFO[0m [2mkafka_backup_core::segment::writer[0m[2m:[0m Wrote segment device-telemetry/topics/device-telemetry/partition=4/segment-00000000000007107026.bin.zst with 64359 records (134219031 -> 51954931 bytes, 2.6x compression)
[2m2026-09-15T16:48:25.784066Z[0m [32m INFO[0m [2mkafka_backup_core::segment::writer[0m[2m:[0m Wrote segment device-telemetry/topics/device-telemetry/partition=3/segment-00000000000007106662.bin.zst with 64355 records (134219260 -> 51959438 bytes, 2.6x compression)
[2m2026-09-15T16:48:25.788753Z[0m [32m INFO[0m [2mkafka_backup_core::segment::writer[0m[2m:[0m Wrote segment device-telemetry/topics/device-telemetry/partition=5/segment-00000000000007106958.bin.zst with 64359 records (134219283 -> 51952239 bytes, 2.6x compression)
[2m2026-09-15T16:48:26.183089Z[0m [32m INFO[0m [2mkafka_backup_core::segment::writer[0m[2m:[0m Wrote segment device-telemetry/topics/device-telemetry/partition=2/segment-00000000000007107155.bin.zst with 64360 records (134218070 -> 51957998 bytes, 2.6x compression)
[2m2026-09-15T16:48:26.187131Z[0m [32m INFO[0m [2mkafka_backup_core::segment::writer[0m[2m:[0m Wrote segment device-telemetry/topics/device-telemetry/partition=1/segment-00000000000007171158.bin.zst with 64357 records (134218850 -> 51955146 bytes, 2.6x compression)
[2m2026-09-15T16:48:26.206407Z[0m [32m INFO[0m [2mkafka_backup_core::segment::writer[0m[2m:[0m Wrote segment device-telemetry/topics/device-telemetry/partition=0/segment-00000000000007106980.bin.zst with 64359 records (134219569 -> 51954566 bytes, 2.6x compression)
[2m2026-09-15T16:48:26.295895Z[0m [32m INFO[0m [2mkafka_backup_core::segment::writer[0m[2m:[0m Wrote segment device-telemetry/topics/device-telemetry/partition=4/segment-00000000000007171385.bin.zst with 64359 records (134217897 -> 51954017 bytes, 2.6x compression)
[2m2026-09-15T16:48:26.381131Z[0m [32m INFO[0m [2mkafka_backup_core::segment::writer[0m[2m:[0m Wrote segment device-telemetry/topics/device-telemetry/partition=5/segment-00000000000007171317.bin.zst with 64358 records (134218135 -> 51954944 bytes, 2.6x compression)
[2m2026-09-15T16:48:26.384746Z[0m [32m INFO[0m [2mkafka_backup_core::segment::writer[0m[2m:[0m Wrote segment device-telemetry/topics/device-telemetry/partition=3/segment-00000000000007171017.bin.zst with 64355 records (134218184 -> 51954312 bytes, 2.6x compression)
[2m2026-09-15T16:48:26.690590Z[0m [32m INFO[0m [2mkafka_backup_core::segment::writer[0m[2m:[0m Wrote segment device-telemetry/topics/device-telemetry/partition=2/segment-00000000000007171515.bin.zst with 64360 records (134218234 -> 51956641 bytes, 2.6x compression)
[2m2026-09-15T16:48:26.695050Z[0m [32m INFO[0m [2mkafka_backup_core::segment::writer[0m[2m:[0m Wrote segment device-telemetry/topics/device-telemetry/partition=1/segment-00000000000007235515.bin.zst with 64358 records (134219430 -> 51955318 bytes, 2.6x compression)
[2m2026-09-15T16:48:26.704176Z[0m [32m INFO[0m [2mkafka_backup_core::segment::writer[0m[2m:[0m Wrote segment device-telemetry/topics/device-telemetry/partition=0/segment-00000000000007171339.bin.zst with 64358 records (134218523 -> 51954863 bytes, 2.6x compression)
[2m2026-09-15T16:48:26.796937Z[0m [32m INFO[0m [2mkafka_backup_core::segment::writer[0m[2m:[0m Wrote segment device-telemetry/topics/device-telemetry/partition=4/segment-00000000000007235744.bin.zst with 64359 records (134219636 -> 51955488 bytes, 2.6x compression)
[2m2026-09-15T16:48:26.887633Z[0m [32m INFO[0m [2mkafka_backup_core::segment::writer[0m[2m:[0m Wrote segment device-telemetry/topics/device-telemetry/partition=5/segment-00000000000007235675.bin.zst with 64359 records (134218819 -> 51951646 bytes, 2.6x compression)
[2m2026-09-15T16:48:26.889062Z[0m [32m INFO[0m [2mkafka_backup_core::segment::writer[0m[2m:[0m Wrote segment device-telemetry/topics/device-telemetry/partition=3/segment-00000000000007235372.bin.zst with 64356 records (134217978 -> 51955923 bytes, 2.6x compression)
[2m2026-09-15T16:48:27.236766Z[0m [32m INFO[0m [2mkafka_backup_core::segment::writer[0m[2m:[0m Wrote segment device-telemetry/topics/device-telemetry/partition=2/segment-00000000000007235875.bin.zst with 64360 records (134219576 -> 51957359 bytes, 2.6x compression)
[2m2026-09-15T16:48:27.239402Z[0m [32m INFO[0m [2mkafka_backup_core::segment::writer[0m[2m:[0m Wrote segment device-telemetry/topics/device-telemetry/partition=1/segment-00000000000007299873.bin.zst with 64358 records (134218440 -> 51954266 bytes, 2.6x compression)
[2m2026-09-15T16:48:27.239876Z[0m [32m INFO[0m [2mkafka_backup_core::segment::writer[0m[2m:[0m Wrote segment device-telemetry/topics/device-telemetry/partition=0/segment-00000000000007235697.bin.zst with 64359 records (134218961 -> 51954628 bytes, 2.6x compression)
[2m2026-09-15T16:48:27.364550Z[0m [32m INFO[0m [2mkafka_backup_core::segment::writer[0m[2m:[0m Wrote segment device-telemetry/topics/device-telemetry/partition=4/segment-00000000000007300103.bin.zst with 64359 records (134218229 -> 51955005 bytes, 2.6x compression)
[2m2026-09-15T16:48:27.426545Z[0m [32m INFO[0m [2mkafka_backup_core::segment::writer[0m[2m:[0m Wrote segment device-telemetry/topics/device-telemetry/partition=3/segment-00000000000007299728.bin.zst with 64356 records (134218764 -> 51954620 bytes, 2.6x compression)
[2m2026-09-15T16:48:27.428547Z[0m [32m INFO[0m [2mkafka_backup_core::segment::writer[0m[2m:[0m Wrote segment device-telemetry/topics/device-telemetry/partition=5/segment-00000000000007300034.bin.zst with 64358 records (134218514 -> 51951786 bytes, 2.6x compression)
[2m2026-09-15T16:48:27.753969Z[0m [32m INFO[0m [2mkafka_backup_core::segment::writer[0m[2m:[0m Wrote segment device-telemetry/topics/device-telemetry/partition=2/segment-00000000000007300235.bin.zst with 64359 records (134218876 -> 51958980 bytes, 2.6x compression)
[2m2026-09-15T16:48:27.757096Z[0m [32m INFO[0m [2mkafka_backup_core::segment::writer[0m[2m:[0m Wrote segment device-telemetry/topics/device-telemetry/partition=1/segment-00000000000007364231.bin.zst with 64357 records (134218255 -> 51953456 bytes, 2.6x compression)
[2m2026-09-15T16:48:27.757547Z[0m [32m INFO[0m [2mkafka_backup_core::segment::writer[0m[2m:[0m Wrote segment device-telemetry/topics/device-telemetry/partition=0/segment-00000000000007300056.bin.zst with 64358 records (134219379 -> 51954738 bytes, 2.6x compression)
[2m2026-09-15T16:48:27.875834Z[0m [32m INFO[0m [2mkafka_backup_core::segment::writer[0m[2m:[0m Wrote segment device-telemetry/topics/device-telemetry/partition=4/segment-00000000000007364462.bin.zst with 64360 records (134218350 -> 51953774 bytes, 2.6x compression)
[2m2026-09-15T16:48:27.954773Z[0m [32m INFO[0m [2mkafka_backup_core::segment::writer[0m[2m:[0m Wrote segment device-telemetry/topics/device-telemetry/partition=5/segment-00000000000007364392.bin.zst with 64359 records (134219638 -> 51957378 bytes, 2.6x compression)
[2m2026-09-15T16:48:27.959145Z[0m [32m INFO[0m [2mkafka_backup_core::segment::writer[0m[2m:[0m Wrote segment device-telemetry/topics/device-telemetry/partition=3/segment-00000000000007364084.bin.zst with 64357 records (134219619 -> 51956999 bytes, 2.6x compression)
[2m2026-09-15T16:48:28.285506Z[0m [32m INFO[0m [2mkafka_backup_core::segment::writer[0m[2m:[0m Wrote segment device-telemetry/topics/device-telemetry/partition=2/segment-00000000000007364594.bin.zst with 64360 records (134217801 -> 51957912 bytes, 2.6x compression)
[2m2026-09-15T16:48:28.287334Z[0m [32m INFO[0m [2mkafka_backup_core::segment::writer[0m[2m:[0m Wrote segment device-telemetry/topics/device-telemetry/partition=1/segment-00000000000007428588.bin.zst with 64357 records (134217999 -> 51953449 bytes, 2.6x compression)
[2m2026-09-15T16:48:28.287919Z[0m [32m INFO[0m [2mkafka_backup_core::segment::writer[0m[2m:[0m Wrote segment device-telemetry/topics/device-telemetry/partition=0/segment-00000000000007364414.bin.zst with 64360 records (134219672 -> 51953196 bytes, 2.6x compression)
[2m2026-09-15T16:48:28.424889Z[0m [32m INFO[0m [2mkafka_backup_core::segment::writer[0m[2m:[0m Wrote segment device-telemetry/topics/device-telemetry/partition=4/segment-00000000000007428822.bin.zst with 64360 records (134218322 -> 51951442 bytes, 2.6x compression)
[2m2026-09-15T16:48:28.495403Z[0m [32m INFO[0m [2mkafka_backup_core::segment::writer[0m[2m:[0m Wrote segment device-telemetry/topics/device-telemetry/partition=5/segment-00000000000007428751.bin.zst with 64359 records (134218267 -> 51951406 bytes, 2.6x compression)
[2m2026-09-15T16:48:28.500665Z[0m [32m INFO[0m [2mkafka_backup_core::segment::writer[0m[2m:[0m Wrote segment device-telemetry/topics/device-telemetry/partition=3/segment-00000000000007428441.bin.zst with 64356 records (134219315 -> 51956194 bytes, 2.6x compression)
[2m2026-09-15T16:48:28.813112Z[0m [32m INFO[0m [2mkafka_backup_core::segment::writer[0m[2m:[0m Wrote segment device-telemetry/topics/device-telemetry/partition=1/segment-00000000000007492945.bin.zst with 64356 records (134218132 -> 51955427 bytes, 2.6x compression)
[2m2026-09-15T16:48:28.816622Z[0m [32m INFO[0m [2mkafka_backup_core::segment::writer[0m[2m:[0m Wrote segment device-telemetry/topics/device-telemetry/partition=2/segment-00000000000007428954.bin.zst with 64360 records (134219323 -> 51957824 bytes, 2.6x compression)
[2m2026-09-15T16:48:28.816918Z[0m [32m INFO[0m [2mkafka_backup_core::segment::writer[0m[2m:[0m Wrote segment device-telemetry/topics/device-telemetry/partition=0/segment-00000000000007428774.bin.zst with 64358 records (134218411 -> 51953769 bytes, 2.6x compression)
[2m2026-09-15T16:48:28.939716Z[0m [32m INFO[0m [2mkafka_backup_core::segment::writer[0m[2m:[0m Wrote segment device-telemetry/topics/device-telemetry/partition=4/segment-00000000000007493182.bin.zst with 64358 records (134218071 -> 51952348 bytes, 2.6x compression)
[2m2026-09-15T16:48:29.022682Z[0m [32m INFO[0m [2mkafka_backup_core::segment::writer[0m[2m:[0m Wrote segment device-telemetry/topics/device-telemetry/partition=5/segment-00000000000007493110.bin.zst with 64357 records (134218844 -> 51956770 bytes, 2.6x compression)
[2m2026-09-15T16:48:29.026222Z[0m [32m INFO[0m [2mkafka_backup_core::segment::writer[0m[2m:[0m Wrote segment device-telemetry/topics/device-telemetry/partition=3/segment-00000000000007492797.bin.zst with 64357 records (134219371 -> 51953940 bytes, 2.6x compression)
[2m2026-09-15T16:48:29.341514Z[0m [32m INFO[0m [2mkafka_backup_core::segment::writer[0m[2m:[0m Wrote segment device-telemetry/topics/device-telemetry/partition=2/segment-00000000000007493314.bin.zst with 64360 records (134219264 -> 51959429 bytes, 2.6x compression)
[2m2026-09-15T16:48:29.341830Z[0m [32m INFO[0m [2mkafka_backup_core::segment::writer[0m[2m:[0m Wrote segment device-telemetry/topics/device-telemetry/partition=1/segment-00000000000007557301.bin.zst with 64358 records (134219582 -> 51955283 bytes, 2.6x compression)
[2m2026-09-15T16:48:29.356259Z[0m [32m INFO[0m [2mkafka_backup_core::offset_store::sqlite[0m[2m:[0m Synced offset database to storage: device-telemetry/offsets.db
[2m2026-09-15T16:48:29.408140Z[0m [32m INFO[0m [2mkafka_backup_core::segment::writer[0m[2m:[0m Wrote segment device-telemetry/topics/device-telemetry/partition=0/segment-00000000000007493132.bin.zst with 64359 records (134219323 -> 51954514 bytes, 2.6x compression)
[2m2026-09-15T16:48:29.535186Z[0m [32m INFO[0m [2mkafka_backup_core::segment::writer[0m[2m:[0m Wrote segment device-telemetry/topics/device-telemetry/partition=4/segment-00000000000007557540.bin.zst with 64360 records (134219475 -> 51956185 bytes, 2.6x compression)
[2m2026-09-15T16:48:29.535983Z[0m [32m INFO[0m [2mkafka_backup_core::segment::writer[0m[2m:[0m Wrote segment device-telemetry/topics/device-telemetry/partition=5/segment-00000000000007557467.bin.zst with 64358 records (134218578 -> 51953534 bytes, 2.6x compression)
[2m2026-09-15T16:48:29.536222Z[0m [32m INFO[0m [2mkafka_backup_core::segment::writer[0m[2m:[0m Wrote segment device-telemetry/topics/device-telemetry/partition=3/segment-00000000000007557154.bin.zst with 64355 records (134218846 -> 51956866 bytes, 2.6x compression)
[2m2026-09-15T16:48:29.832121Z[0m [32m INFO[0m [2mkafka_backup_core::segment::writer[0m[2m:[0m Wrote segment device-telemetry/topics/device-telemetry/partition=2/segment-00000000000007557674.bin.zst with 64360 records (134219758 -> 51957071 bytes, 2.6x compression)
[2m2026-09-15T16:48:29.855651Z[0m [32m INFO[0m [2mkafka_backup_core::segment::writer[0m[2m:[0m Wrote segment device-telemetry/topics/device-telemetry/partition=1/segment-00000000000007621659.bin.zst with 64356 records (134217953 -> 51955061 bytes, 2.6x compression)
[2m2026-09-15T16:48:29.927649Z[0m [32m INFO[0m [2mkafka_backup_core::segment::writer[0m[2m:[0m Wrote segment device-telemetry/topics/device-telemetry/partition=0/segment-00000000000007557491.bin.zst with 64358 records (134218980 -> 51955882 bytes, 2.6x compression)
[2m2026-09-15T16:48:30.115665Z[0m [32m INFO[0m [2mkafka_backup_core::segment::writer[0m[2m:[0m Wrote segment device-telemetry/topics/device-telemetry/partition=4/segment-00000000000007621900.bin.zst with 64358 records (134217934 -> 51950882 bytes, 2.6x compression)
[2m2026-09-15T16:48:30.116057Z[0m [32m INFO[0m [2mkafka_backup_core::segment::writer[0m[2m:[0m Wrote segment device-telemetry/topics/device-telemetry/partition=5/segment-00000000000007621825.bin.zst with 64358 records (134218361 -> 51954624 bytes, 2.6x compression)
[2m2026-09-15T16:48:30.116486Z[0m [32m INFO[0m [2mkafka_backup_core::segment::writer[0m[2m:[0m Wrote segment device-telemetry/topics/device-telemetry/partition=3/segment-00000000000007621509.bin.zst with 64356 records (134219607 -> 51955981 bytes, 2.6x compression)
[2m2026-09-15T16:48:30.348991Z[0m [32m INFO[0m [2mkafka_backup_core::segment::writer[0m[2m:[0m Wrote segment device-telemetry/topics/device-telemetry/partition=2/segment-00000000000007622034.bin.zst with 64360 records (134219386 -> 51958763 bytes, 2.6x compression)
[2m2026-09-15T16:48:30.377955Z[0m [32m INFO[0m [2mkafka_backup_core::segment::writer[0m[2m:[0m Wrote segment device-telemetry/topics/device-telemetry/partition=1/segment-00000000000007686015.bin.zst with 64357 records (134219344 -> 51958045 bytes, 2.6x compression)
[2m2026-09-15T16:48:30.454210Z[0m [32m INFO[0m [2mkafka_backup_core::segment::writer[0m[2m:[0m Wrote segment device-telemetry/topics/device-telemetry/partition=0/segment-00000000000007621849.bin.zst with 64358 records (134219532 -> 51955912 bytes, 2.6x compression)
[2m2026-09-15T16:48:30.626429Z[0m [32m INFO[0m [2mkafka_backup_core::segment::writer[0m[2m:[0m Wrote segment device-telemetry/topics/device-telemetry/partition=4/segment-00000000000007686258.bin.zst with 64359 records (134218194 -> 51951740 bytes, 2.6x compression)
[2m2026-09-15T16:48:30.662521Z[0m [32m INFO[0m [2mkafka_backup_core::segment::writer[0m[2m:[0m Wrote segment device-telemetry/topics/device-telemetry/partition=3/segment-00000000000007685865.bin.zst with 64355 records (134217916 -> 51954141 bytes, 2.6x compression)
[2m2026-09-15T16:48:30.662835Z[0m [32m INFO[0m [2mkafka_backup_core::segment::writer[0m[2m:[0m Wrote segment device-telemetry/topics/device-telemetry/partition=5/segment-00000000000007686183.bin.zst with 64359 records (134219389 -> 51954251 bytes, 2.6x compression)
[2m2026-09-15T16:48:30.860822Z[0m [32m INFO[0m [2mkafka_backup_core::segment::writer[0m[2m:[0m Wrote segment device-telemetry/topics/device-telemetry/partition=2/segment-00000000000007686394.bin.zst with 64361 records (134219808 -> 51957022 bytes, 2.6x compression)
[2m2026-09-15T16:48:30.883243Z[0m [32m INFO[0m [2mkafka_backup_core::segment::writer[0m[2m:[0m Wrote segment device-telemetry/topics/device-telemetry/partition=1/segment-00000000000007750372.bin.zst with 64357 records (134218572 -> 51952668 bytes, 2.6x compression)
[2m2026-09-15T16:48:30.972653Z[0m [32m INFO[0m [2mkafka_backup_core::segment::writer[0m[2m:[0m Wrote segment device-telemetry/topics/device-telemetry/partition=0/segment-00000000000007686207.bin.zst with 64358 records (134219120 -> 51953983 bytes, 2.6x compression)
[2m2026-09-15T16:48:31.120681Z[0m [32m INFO[0m [2mkafka_backup_core::segment::writer[0m[2m:[0m Wrote segment device-telemetry/topics/device-telemetry/partition=4/segment-00000000000007750617.bin.zst with 64358 records (134217749 -> 51953444 bytes, 2.6x compression)
[2m2026-09-15T16:48:31.186928Z[0m [32m INFO[0m [2mkafka_backup_core::segment::writer[0m[2m:[0m Wrote segment device-telemetry/topics/device-telemetry/partition=5/segment-00000000000007750542.bin.zst with 64359 records (134219581 -> 51954629 bytes, 2.6x compression)
[2m2026-09-15T16:48:31.187446Z[0m [32m INFO[0m [2mkafka_backup_core::segment::writer[0m[2m:[0m Wrote segment device-telemetry/topics/device-telemetry/partition=3/segment-00000000000007750220.bin.zst with 64356 records (134219514 -> 51954698 bytes, 2.6x compression)
[2m2026-09-15T16:48:31.379514Z[0m [32m INFO[0m [2mkafka_backup_core::segment::writer[0m[2m:[0m Wrote segment device-telemetry/topics/device-telemetry/partition=1/segment-00000000000007814729.bin.zst with 64357 records (134219203 -> 51953908 bytes, 2.6x compression)
[2m2026-09-15T16:48:31.379795Z[0m [32m INFO[0m [2mkafka_backup_core::segment::writer[0m[2m:[0m Wrote segment device-telemetry/topics/device-telemetry/partition=2/segment-00000000000007750755.bin.zst with 64360 records (134219433 -> 51960130 bytes, 2.6x compression)
[2m2026-09-15T16:48:31.480744Z[0m [32m INFO[0m [2mkafka_backup_core::segment::writer[0m[2m:[0m Wrote segment device-telemetry/topics/device-telemetry/partition=0/segment-00000000000007750565.bin.zst with 64358 records (134218873 -> 51957400 bytes, 2.6x compression)
[2m2026-09-15T16:48:31.606515Z[0m [32m INFO[0m [2mkafka_backup_core::segment::writer[0m[2m:[0m Wrote segment device-telemetry/topics/device-telemetry/partition=4/segment-00000000000007814975.bin.zst with 64359 records (134218010 -> 51950717 bytes, 2.6x compression)
[2m2026-09-15T16:48:31.689364Z[0m [32m INFO[0m [2mkafka_backup_core::segment::writer[0m[2m:[0m Wrote segment device-telemetry/topics/device-telemetry/partition=3/segment-00000000000007814576.bin.zst with 64357 records (134218907 -> 51954326 bytes, 2.6x compression)
[2m2026-09-15T16:48:31.691496Z[0m [32m INFO[0m [2mkafka_backup_core::segment::writer[0m[2m:[0m Wrote segment device-telemetry/topics/device-telemetry/partition=5/segment-00000000000007814901.bin.zst with 64358 records (134218563 -> 51951957 bytes, 2.6x compression)
[2m2026-09-15T16:48:31.882433Z[0m [32m INFO[0m [2mkafka_backup_core::segment::writer[0m[2m:[0m Wrote segment device-telemetry/topics/device-telemetry/partition=1/segment-00000000000007879086.bin.zst with 64357 records (134218276 -> 51954790 bytes, 2.6x compression)
[2m2026-09-15T16:48:31.885522Z[0m [32m INFO[0m [2mkafka_backup_core::segment::writer[0m[2m:[0m Wrote segment device-telemetry/topics/device-telemetry/partition=2/segment-00000000000007815115.bin.zst with 64361 records (134219781 -> 51956148 bytes, 2.6x compression)
[2m2026-09-15T16:48:32.002977Z[0m [32m INFO[0m [2mkafka_backup_core::segment::writer[0m[2m:[0m Wrote segment device-telemetry/topics/device-telemetry/partition=0/segment-00000000000007814923.bin.zst with 64358 records (134217939 -> 51954299 bytes, 2.6x compression)
[2m2026-09-15T16:48:32.107227Z[0m [32m INFO[0m [2mkafka_backup_core::segment::writer[0m[2m:[0m Wrote segment device-telemetry/topics/device-telemetry/partition=4/segment-00000000000007879334.bin.zst with 64359 records (134218748 -> 51955376 bytes, 2.6x compression)
[2m2026-09-15T16:48:32.190847Z[0m [32m INFO[0m [2mkafka_backup_core::segment::writer[0m[2m:[0m Wrote segment device-telemetry/topics/device-telemetry/partition=3/segment-00000000000007878933.bin.zst with 64355 records (134218741 -> 51960462 bytes, 2.6x compression)
[2m2026-09-15T16:48:32.191354Z[0m [32m INFO[0m [2mkafka_backup_core::segment::writer[0m[2m:[0m Wrote segment device-telemetry/topics/device-telemetry/partition=5/segment-00000000000007879259.bin.zst with 64359 records (134219167 -> 51954190 bytes, 2.6x compression)
[2m2026-09-15T16:48:32.441407Z[0m [32m INFO[0m [2mkafka_backup_core::segment::writer[0m[2m:[0m Wrote segment device-telemetry/topics/device-telemetry/partition=1/segment-00000000000007943443.bin.zst with 64358 records (134218627 -> 51955437 bytes, 2.6x compression)
[2m2026-09-15T16:48:32.442753Z[0m [32m INFO[0m [2mkafka_backup_core::segment::writer[0m[2m:[0m Wrote segment device-telemetry/topics/device-telemetry/partition=2/segment-00000000000007879476.bin.zst with 64361 records (134219769 -> 51958264 bytes, 2.6x compression)
[2m2026-09-15T16:48:32.554910Z[0m [32m INFO[0m [2mkafka_backup_core::segment::writer[0m[2m:[0m Wrote segment device-telemetry/topics/device-telemetry/partition=0/segment-00000000000007879281.bin.zst with 64358 records (134218935 -> 51953206 bytes, 2.6x compression)
[2m2026-09-15T16:48:32.626823Z[0m [32m INFO[0m [2mkafka_backup_core::segment::writer[0m[2m:[0m Wrote segment device-telemetry/topics/device-telemetry/partition=4/segment-00000000000007943693.bin.zst with 64359 records (134218578 -> 51956310 bytes, 2.6x compression)
[2m2026-09-15T16:48:32.715350Z[0m [32m INFO[0m [2mkafka_backup_core::segment::writer[0m[2m:[0m Wrote segment device-telemetry/topics/device-telemetry/partition=5/segment-00000000000007943618.bin.zst with 64359 records (134219340 -> 51954209 bytes, 2.6x compression)
[2m2026-09-15T16:48:32.716364Z[0m [32m INFO[0m [2mkafka_backup_core::segment::writer[0m[2m:[0m Wrote segment device-telemetry/topics/device-telemetry/partition=3/segment-00000000000007943288.bin.zst with 64355 records (134218536 -> 51958801 bytes, 2.6x compression)
[2m2026-09-15T16:48:32.952438Z[0m [32m INFO[0m [2mkafka_backup_core::segment::writer[0m[2m:[0m Wrote segment device-telemetry/topics/device-telemetry/partition=2/segment-00000000000007943837.bin.zst with 64360 records (134219666 -> 51957138 bytes, 2.6x compression)
[2m2026-09-15T16:48:32.956217Z[0m [32m INFO[0m [2mkafka_backup_core::segment::writer[0m[2m:[0m Wrote segment device-telemetry/topics/device-telemetry/partition=1/segment-00000000000008007801.bin.zst with 64356 records (134218656 -> 51959592 bytes, 2.6x compression)
[2m2026-09-15T16:48:33.083436Z[0m [32m INFO[0m [2mkafka_backup_core::segment::writer[0m[2m:[0m Wrote segment device-telemetry/topics/device-telemetry/partition=0/segment-00000000000007943639.bin.zst with 64359 records (134219432 -> 51954917 bytes, 2.6x compression)
[2m2026-09-15T16:48:33.128802Z[0m [32m INFO[0m [2mkafka_backup_core::segment::writer[0m[2m:[0m Wrote segment device-telemetry/topics/device-telemetry/partition=4/segment-00000000000008008052.bin.zst with 64359 records (134218641 -> 51953317 bytes, 2.6x compression)
[2m2026-09-15T16:48:33.219312Z[0m [32m INFO[0m [2mkafka_backup_core::segment::writer[0m[2m:[0m Wrote segment device-telemetry/topics/device-telemetry/partition=3/segment-00000000000008007643.bin.zst with 64356 records (134219513 -> 51956976 bytes, 2.6x compression)
[2m2026-09-15T16:48:33.219641Z[0m [32m INFO[0m [2mkafka_backup_core::segment::writer[0m[2m:[0m Wrote segment device-telemetry/topics/device-telemetry/partition=5/segment-00000000000008007977.bin.zst with 64358 records (134218517 -> 51953613 bytes, 2.6x compression)
[2m2026-09-15T16:48:33.473475Z[0m [32m INFO[0m [2mkafka_backup_core::segment::writer[0m[2m:[0m Wrote segment device-telemetry/topics/device-telemetry/partition=2/segment-00000000000008008197.bin.zst with 64359 records (134218157 -> 51956974 bytes, 2.6x compression)
[2m2026-09-15T16:48:33.473772Z[0m [32m INFO[0m [2mkafka_backup_core::segment::writer[0m[2m:[0m Wrote segment device-telemetry/topics/device-telemetry/partition=1/segment-00000000000008072157.bin.zst with 64358 records (134219222 -> 51955827 bytes, 2.6x compression)
[2m2026-09-15T16:48:33.572354Z[0m [32m INFO[0m [2mkafka_backup_core::segment::writer[0m[2m:[0m Wrote segment device-telemetry/topics/device-telemetry/partition=0/segment-00000000000008007998.bin.zst with 64359 records (134219422 -> 51953644 bytes, 2.6x compression)
[2m2026-09-15T16:48:33.621838Z[0m [32m INFO[0m [2mkafka_backup_core::segment::writer[0m[2m:[0m Wrote segment device-telemetry/topics/device-telemetry/partition=4/segment-00000000000008072411.bin.zst with 64360 records (134219484 -> 51949877 bytes, 2.6x compression)
[2m2026-09-15T16:48:33.729517Z[0m [32m INFO[0m [2mkafka_backup_core::segment::writer[0m[2m:[0m Wrote segment device-telemetry/topics/device-telemetry/partition=5/segment-00000000000008072335.bin.zst with 64357 records (134218550 -> 51950008 bytes, 2.6x compression)
[2m2026-09-15T16:48:33.730481Z[0m [32m INFO[0m [2mkafka_backup_core::segment::writer[0m[2m:[0m Wrote segment device-telemetry/topics/device-telemetry/partition=3/segment-00000000000008071999.bin.zst with 64356 records (134219780 -> 51956661 bytes, 2.6x compression)
[2m2026-09-15T16:48:33.985798Z[0m [32m INFO[0m [2mkafka_backup_core::segment::writer[0m[2m:[0m Wrote segment device-telemetry/topics/device-telemetry/partition=1/segment-00000000000008136515.bin.zst with 64357 records (134218178 -> 51955774 bytes, 2.6x compression)
[2m2026-09-15T16:48:33.989869Z[0m [32m INFO[0m [2mkafka_backup_core::segment::writer[0m[2m:[0m Wrote segment device-telemetry/topics/device-telemetry/partition=2/segment-00000000000008072556.bin.zst with 64361 records (134219651 -> 51959096 bytes, 2.6x compression)
[2m2026-09-15T16:48:34.110811Z[0m [32m INFO[0m [2mkafka_backup_core::segment::writer[0m[2m:[0m Wrote segment device-telemetry/topics/device-telemetry/partition=0/segment-00000000000008072357.bin.zst with 64359 records (134218828 -> 51953520 bytes, 2.6x compression)
[2m2026-09-15T16:48:34.120614Z[0m [32m INFO[0m [2mkafka_backup_core::segment::writer[0m[2m:[0m Wrote segment device-telemetry/topics/device-telemetry/partition=4/segment-00000000000008136771.bin.zst with 64359 records (134219178 -> 51955467 bytes, 2.6x compression)
[2m2026-09-15T16:48:34.268028Z[0m [32m INFO[0m [2mkafka_backup_core::segment::writer[0m[2m:[0m Wrote segment device-telemetry/topics/device-telemetry/partition=3/segment-00000000000008136355.bin.zst with 64356 records (134218548 -> 51956505 bytes, 2.6x compression)
[2m2026-09-15T16:48:34.268487Z[0m [32m INFO[0m [2mkafka_backup_core::segment::writer[0m[2m:[0m Wrote segment device-telemetry/topics/device-telemetry/partition=5/segment-00000000000008136692.bin.zst with 64359 records (134219067 -> 51952395 bytes, 2.6x compression)
[2m2026-09-15T16:48:34.501588Z[0m [32m INFO[0m [2mkafka_backup_core::segment::writer[0m[2m:[0m Wrote segment device-telemetry/topics/device-telemetry/partition=1/segment-00000000000008200872.bin.zst with 64357 records (134219095 -> 51955637 bytes, 2.6x compression)
[2m2026-09-15T16:48:34.504502Z[0m [32m INFO[0m [2mkafka_backup_core::segment::writer[0m[2m:[0m Wrote segment device-telemetry/topics/device-telemetry/partition=2/segment-00000000000008136917.bin.zst with 64360 records (134218472 -> 51956689 bytes, 2.6x compression)
[2m2026-09-15T16:48:34.625041Z[0m [32m INFO[0m [2mkafka_backup_core::segment::writer[0m[2m:[0m Wrote segment device-telemetry/topics/device-telemetry/partition=4/segment-00000000000008201130.bin.zst with 64360 records (134219522 -> 51954703 bytes, 2.6x compression)
[2m2026-09-15T16:48:34.626026Z[0m [32m INFO[0m [2mkafka_backup_core::segment::writer[0m[2m:[0m Wrote segment device-telemetry/topics/device-telemetry/partition=0/segment-00000000000008136716.bin.zst with 64359 records (134218877 -> 51954450 bytes, 2.6x compression)
[2m2026-09-15T16:48:34.805486Z[0m [32m INFO[0m [2mkafka_backup_core::segment::writer[0m[2m:[0m Wrote segment device-telemetry/topics/device-telemetry/partition=3/segment-00000000000008200711.bin.zst with 64356 records (134219376 -> 51960842 bytes, 2.6x compression)
[2m2026-09-15T16:48:34.809816Z[0m [32m INFO[0m [2mkafka_backup_core::segment::writer[0m[2m:[0m Wrote segment device-telemetry/topics/device-telemetry/partition=5/segment-00000000000008201051.bin.zst with 64358 records (134218534 -> 51953401 bytes, 2.6x compression)
[2m2026-09-15T16:48:35.009339Z[0m [32m INFO[0m [2mkafka_backup_core::segment::writer[0m[2m:[0m Wrote segment device-telemetry/topics/device-telemetry/partition=2/segment-00000000000008201277.bin.zst with 64360 records (134218439 -> 51954949 bytes, 2.6x compression)
[2m2026-09-15T16:48:35.012119Z[0m [32m INFO[0m [2mkafka_backup_core::segment::writer[0m[2m:[0m Wrote segment device-telemetry/topics/device-telemetry/partition=1/segment-00000000000008265229.bin.zst with 64358 records (134219768 -> 51956198 bytes, 2.6x compression)
[2m2026-09-15T16:48:35.120205Z[0m [32m INFO[0m [2mkafka_backup_core::segment::writer[0m[2m:[0m Wrote segment device-telemetry/topics/device-telemetry/partition=4/segment-00000000000008265490.bin.zst with 64358 records (134218493 -> 51956937 bytes, 2.6x compression)
[2m2026-09-15T16:48:35.132004Z[0m [32m INFO[0m [2mkafka_backup_core::segment::writer[0m[2m:[0m Wrote segment device-telemetry/topics/device-telemetry/partition=0/segment-00000000000008201075.bin.zst with 64357 records (134218265 -> 51954856 bytes, 2.6x compression)
[2m2026-09-15T16:48:35.315863Z[0m [32m INFO[0m [2mkafka_backup_core::segment::writer[0m[2m:[0m Wrote segment device-telemetry/topics/device-telemetry/partition=5/segment-00000000000008265409.bin.zst with 64360 records (134219405 -> 51952738 bytes, 2.6x compression)
[2m2026-09-15T16:48:35.316053Z[0m [32m INFO[0m [2mkafka_backup_core::segment::writer[0m[2m:[0m Wrote segment device-telemetry/topics/device-telemetry/partition=3/segment-00000000000008265067.bin.zst with 64356 records (134217845 -> 51954437 bytes, 2.6x compression)
[2m2026-09-15T16:48:35.518782Z[0m [32m INFO[0m [2mkafka_backup_core::segment::writer[0m[2m:[0m Wrote segment device-telemetry/topics/device-telemetry/partition=1/segment-00000000000008329587.bin.zst with 64357 records (134218260 -> 51957273 bytes, 2.6x compression)
[2m2026-09-15T16:48:35.520431Z[0m [32m INFO[0m [2mkafka_backup_core::segment::writer[0m[2m:[0m Wrote segment device-telemetry/topics/device-telemetry/partition=2/segment-00000000000008265637.bin.zst with 64361 records (134219554 -> 51956013 bytes, 2.6x compression)
[2m2026-09-15T16:48:35.624017Z[0m [32m INFO[0m [2mkafka_backup_core::segment::writer[0m[2m:[0m Wrote segment device-telemetry/topics/device-telemetry/partition=4/segment-00000000000008329848.bin.zst with 64360 records (134219090 -> 51952010 bytes, 2.6x compression)
[2m2026-09-15T16:48:35.638291Z[0m [32m INFO[0m [2mkafka_backup_core::segment::writer[0m[2m:[0m Wrote segment device-telemetry/topics/device-telemetry/partition=0/segment-00000000000008265432.bin.zst with 64359 records (134219229 -> 51955549 bytes, 2.6x compression)
[2m2026-09-15T16:48:35.835773Z[0m [32m INFO[0m [2mkafka_backup_core::segment::writer[0m[2m:[0m Wrote segment device-telemetry/topics/device-telemetry/partition=3/segment-00000000000008329423.bin.zst with 64356 records (134218548 -> 51958001 bytes, 2.6x compression)
[2m2026-09-15T16:48:35.839225Z[0m [32m INFO[0m [2mkafka_backup_core::segment::writer[0m[2m:[0m Wrote segment device-telemetry/topics/device-telemetry/partition=5/segment-00000000000008329769.bin.zst with 64358 records (134219619 -> 51955197 bytes, 2.6x compression)
[2m2026-09-15T16:48:36.021657Z[0m [32m INFO[0m [2mkafka_backup_core::segment::writer[0m[2m:[0m Wrote segment device-telemetry/topics/device-telemetry/partition=2/segment-00000000000008329998.bin.zst with 64359 records (134218187 -> 51957542 bytes, 2.6x compression)
[2m2026-09-15T16:48:36.025362Z[0m [32m INFO[0m [2mkafka_backup_core::segment::writer[0m[2m:[0m Wrote segment device-telemetry/topics/device-telemetry/partition=1/segment-00000000000008393944.bin.zst with 64358 records (134219428 -> 51955891 bytes, 2.6x compression)
[2m2026-09-15T16:48:36.110825Z[0m [32m INFO[0m [2mkafka_backup_core::segment::writer[0m[2m:[0m Wrote segment device-telemetry/topics/device-telemetry/partition=4/segment-00000000000008394208.bin.zst with 64359 records (134219083 -> 51950941 bytes, 2.6x compression)
[2m2026-09-15T16:48:36.130941Z[0m [32m INFO[0m [2mkafka_backup_core::segment::writer[0m[2m:[0m Wrote segment device-telemetry/topics/device-telemetry/partition=0/segment-00000000000008329791.bin.zst with 64359 records (134219517 -> 51957905 bytes, 2.6x compression)
[2m2026-09-15T16:48:36.346474Z[0m [32m INFO[0m [2mkafka_backup_core::segment::writer[0m[2m:[0m Wrote segment device-telemetry/topics/device-telemetry/partition=3/segment-00000000000008393779.bin.zst with 64356 records (134218368 -> 51954979 bytes, 2.6x compression)
[2m2026-09-15T16:48:36.349098Z[0m [32m INFO[0m [2mkafka_backup_core::segment::writer[0m[2m:[0m Wrote segment device-telemetry/topics/device-telemetry/partition=5/segment-00000000000008394127.bin.zst with 64358 records (134219083 -> 51956062 bytes, 2.6x compression)
[2m2026-09-15T16:48:36.695896Z[0m [32m INFO[0m [2mkafka_backup_core::segment::writer[0m[2m:[0m Wrote segment device-telemetry/topics/device-telemetry/partition=1/segment-00000000000008458302.bin.zst with 64357 records (134218552 -> 51953376 bytes, 2.6x compression)
[2m2026-09-15T16:48:36.703542Z[0m [32m INFO[0m [2mkafka_backup_core::segment::writer[0m[2m:[0m Wrote segment device-telemetry/topics/device-telemetry/partition=2/segment-00000000000008394357.bin.zst with 64361 records (134219574 -> 51959604 bytes, 2.6x compression)
[2m2026-09-15T16:48:36.703991Z[0m [32m INFO[0m [2mkafka_backup_core::segment::writer[0m[2m:[0m Wrote segment device-telemetry/topics/device-telemetry/partition=4/segment-00000000000008458567.bin.zst with 64359 records (134218756 -> 51956311 bytes, 2.6x compression)
[2m2026-09-15T16:48:36.705136Z[0m [32m INFO[0m [2mkafka_backup_core::segment::writer[0m[2m:[0m Wrote segment device-telemetry/topics/device-telemetry/partition=0/segment-00000000000008394150.bin.zst with 64359 records (134219237 -> 51956307 bytes, 2.6x compression)
[2m2026-09-15T16:48:36.843539Z[0m [32m INFO[0m [2mkafka_backup_core::segment::writer[0m[2m:[0m Wrote segment device-telemetry/topics/device-telemetry/partition=3/segment-00000000000008458135.bin.zst with 64356 records (134219089 -> 51955195 bytes, 2.6x compression)
[2m2026-09-15T16:48:36.844645Z[0m [32m INFO[0m [2mkafka_backup_core::segment::writer[0m[2m:[0m Wrote segment device-telemetry/topics/device-telemetry/partition=5/segment-00000000000008458485.bin.zst with 64358 records (134218333 -> 51954079 bytes, 2.6x compression)
[2m2026-09-15T16:48:37.233509Z[0m [32m INFO[0m [2mkafka_backup_core::segment::writer[0m[2m:[0m Wrote segment device-telemetry/topics/device-telemetry/partition=1/segment-00000000000008522659.bin.zst with 64358 records (134219554 -> 51953692 bytes, 2.6x compression)
[2m2026-09-15T16:48:37.236993Z[0m [32m INFO[0m [2mkafka_backup_core::segment::writer[0m[2m:[0m Wrote segment device-telemetry/topics/device-telemetry/partition=2/segment-00000000000008458718.bin.zst with 64361 records (134219108 -> 51955467 bytes, 2.6x compression)
[2m2026-09-15T16:48:37.237249Z[0m [32m INFO[0m [2mkafka_backup_core::segment::writer[0m[2m:[0m Wrote segment device-telemetry/topics/device-telemetry/partition=0/segment-00000000000008458509.bin.zst with 64360 records (134219152 -> 51953812 bytes, 2.6x compression)
[2m2026-09-15T16:48:37.237516Z[0m [32m INFO[0m [2mkafka_backup_core::segment::writer[0m[2m:[0m Wrote segment device-telemetry/topics/device-telemetry/partition=4/segment-00000000000008522926.bin.zst with 64358 records (134218967 -> 51955770 bytes, 2.6x compression)
[2m2026-09-15T16:48:37.373635Z[0m [32m INFO[0m [2mkafka_backup_core::segment::writer[0m[2m:[0m Wrote segment device-telemetry/topics/device-telemetry/partition=5/segment-00000000000008522843.bin.zst with 64358 records (134218249 -> 51951849 bytes, 2.6x compression)
[2m2026-09-15T16:48:37.375194Z[0m [32m INFO[0m [2mkafka_backup_core::segment::writer[0m[2m:[0m Wrote segment device-telemetry/topics/device-telemetry/partition=3/segment-00000000000008522491.bin.zst with 64356 records (134218287 -> 51954332 bytes, 2.6x compression)
[2m2026-09-15T16:48:37.766827Z[0m [32m INFO[0m [2mkafka_backup_core::segment::writer[0m[2m:[0m Wrote segment device-telemetry/topics/device-telemetry/partition=2/segment-00000000000008523079.bin.zst with 64361 records (134218798 -> 51955371 bytes, 2.6x compression)
[2m2026-09-15T16:48:37.769627Z[0m [32m INFO[0m [2mkafka_backup_core::segment::writer[0m[2m:[0m Wrote segment device-telemetry/topics/device-telemetry/partition=4/segment-00000000000008587284.bin.zst with 64359 records (134219796 -> 51955262 bytes, 2.6x compression)
[2m2026-09-15T16:48:37.770059Z[0m [32m INFO[0m [2mkafka_backup_core::segment::writer[0m[2m:[0m Wrote segment device-telemetry/topics/device-telemetry/partition=1/segment-00000000000008587017.bin.zst with 64357 records (134218012 -> 51954890 bytes, 2.6x compression)
[2m2026-09-15T16:48:37.770525Z[0m [32m INFO[0m [2mkafka_backup_core::segment::writer[0m[2m:[0m Wrote segment device-telemetry/topics/device-telemetry/partition=0/segment-00000000000008522869.bin.zst with 64359 records (134219253 -> 51954773 bytes, 2.6x compression)
[2m2026-09-15T16:48:37.882637Z[0m [32m INFO[0m [2mkafka_backup_core::segment::writer[0m[2m:[0m Wrote segment device-telemetry/topics/device-telemetry/partition=5/segment-00000000000008587201.bin.zst with 64359 records (134219285 -> 51952875 bytes, 2.6x compression)
[2m2026-09-15T16:48:37.883458Z[0m [32m INFO[0m [2mkafka_backup_core::segment::writer[0m[2m:[0m Wrote segment device-telemetry/topics/device-telemetry/partition=3/segment-00000000000008586847.bin.zst with 64356 records (134218255 -> 51955208 bytes, 2.6x compression)
[2m2026-09-15T16:48:38.279984Z[0m [32m INFO[0m [2mkafka_backup_core::segment::writer[0m[2m:[0m Wrote segment device-telemetry/topics/device-telemetry/partition=1/segment-00000000000008651374.bin.zst with 64357 records (134218105 -> 51954697 bytes, 2.6x compression)
[2m2026-09-15T16:48:38.282993Z[0m [32m INFO[0m [2mkafka_backup_core::segment::writer[0m[2m:[0m Wrote segment device-telemetry/topics/device-telemetry/partition=2/segment-00000000000008587440.bin.zst with 64360 records (134218116 -> 51955535 bytes, 2.6x compression)
[2m2026-09-15T16:48:38.283372Z[0m [32m INFO[0m [2mkafka_backup_core::segment::writer[0m[2m:[0m Wrote segment device-telemetry/topics/device-telemetry/partition=4/segment-00000000000008651643.bin.zst with 64358 records (134217747 -> 51953604 bytes, 2.6x compression)
[2m2026-09-15T16:48:38.302243Z[0m [32m INFO[0m [2mkafka_backup_core::segment::writer[0m[2m:[0m Wrote segment device-telemetry/topics/device-telemetry/partition=0/segment-00000000000008587228.bin.zst with 64359 records (134219735 -> 51953594 bytes, 2.6x compression)
[2m2026-09-15T16:48:38.380196Z[0m [32m INFO[0m [2mkafka_backup_core::segment::writer[0m[2m:[0m Wrote segment device-telemetry/topics/device-telemetry/partition=5/segment-00000000000008651560.bin.zst with 64359 records (134218857 -> 51953532 bytes, 2.6x compression)
[2m2026-09-15T16:48:38.381373Z[0m [32m INFO[0m [2mkafka_backup_core::segment::writer[0m[2m:[0m Wrote segment device-telemetry/topics/device-telemetry/partition=3/segment-00000000000008651203.bin.zst with 64356 records (134218740 -> 51957293 bytes, 2.6x compression)
[2m2026-09-15T16:48:38.954829Z[0m [32m INFO[0m [2mkafka_backup_core::segment::writer[0m[2m:[0m Wrote segment device-telemetry/topics/device-telemetry/partition=4/segment-00000000000008716001.bin.zst with 64359 records (134219093 -> 51953774 bytes, 2.6x compression)
[2m2026-09-15T16:48:38.958263Z[0m [32m INFO[0m [2mkafka_backup_core::segment::writer[0m[2m:[0m Wrote segment device-telemetry/topics/device-telemetry/partition=2/segment-00000000000008651800.bin.zst with 64361 records (134219689 -> 51957132 bytes, 2.6x compression)
[2m2026-09-15T16:48:38.958551Z[0m [32m INFO[0m [2mkafka_backup_core::segment::writer[0m[2m:[0m Wrote segment device-telemetry/topics/device-telemetry/partition=1/segment-00000000000008715731.bin.zst with 64358 records (134219288 -> 51955599 bytes, 2.6x compression)
[2m2026-09-15T16:48:38.959050Z[0m [32m INFO[0m [2mkafka_backup_core::segment::writer[0m[2m:[0m Wrote segment device-telemetry/topics/device-telemetry/partition=0/segment-00000000000008651587.bin.zst with 64359 records (134219395 -> 51952926 bytes, 2.6x compression)
[2m2026-09-15T16:48:38.959379Z[0m [32m INFO[0m [2mkafka_backup_core::segment::writer[0m[2m:[0m Wrote segment device-telemetry/topics/device-telemetry/partition=5/segment-00000000000008715919.bin.zst with 64359 records (134219211 -> 51953445 bytes, 2.6x compression)
[2m2026-09-15T16:48:38.959679Z[0m [32m INFO[0m [2mkafka_backup_core::segment::writer[0m[2m:[0m Wrote segment device-telemetry/topics/device-telemetry/partition=3/segment-00000000000008715559.bin.zst with 64355 records (134218051 -> 51954664 bytes, 2.6x compression)
[2m2026-09-15T16:48:39.500369Z[0m [32m INFO[0m [2mkafka_backup_core::segment::writer[0m[2m:[0m Wrote segment device-telemetry/topics/device-telemetry/partition=3/segment-00000000000008779914.bin.zst with 64355 records (134219298 -> 51958440 bytes, 2.6x compression)
[2m2026-09-15T16:48:39.502371Z[0m [32m INFO[0m [2mkafka_backup_core::segment::writer[0m[2m:[0m Wrote segment device-telemetry/topics/device-telemetry/partition=0/segment-00000000000008715946.bin.zst with 64357 records (134218000 -> 51954685 bytes, 2.6x compression)
[2m2026-09-15T16:48:39.502863Z[0m [32m INFO[0m [2mkafka_backup_core::segment::writer[0m[2m:[0m Wrote segment device-telemetry/topics/device-telemetry/partition=2/segment-00000000000008716161.bin.zst with 64361 records (134219524 -> 51955856 bytes, 2.6x compression)
[2m2026-09-15T16:48:39.503125Z[0m [32m INFO[0m [2mkafka_backup_core::segment::writer[0m[2m:[0m Wrote segment device-telemetry/topics/device-telemetry/partition=1/segment-00000000000008780089.bin.zst with 64358 records (134219719 -> 51957930 bytes, 2.6x compression)
[2m2026-09-15T16:48:39.503345Z[0m [32m INFO[0m [2mkafka_backup_core::segment::writer[0m[2m:[0m Wrote segment device-telemetry/topics/device-telemetry/partition=4/segment-00000000000008780360.bin.zst with 64359 records (134218712 -> 51955169 bytes, 2.6x compression)
[2m2026-09-15T16:48:39.521913Z[0m [32m INFO[0m [2mkafka_backup_core::segment::writer[0m[2m:[0m Wrote segment device-telemetry/topics/device-telemetry/partition=5/segment-00000000000008780278.bin.zst with 64359 records (134219246 -> 51953608 bytes, 2.6x compression)
[2m2026-09-15T16:48:40.057540Z[0m [32m INFO[0m [2mkafka_backup_core::segment::writer[0m[2m:[0m Wrote segment device-telemetry/topics/device-telemetry/partition=1/segment-00000000000008844447.bin.zst with 64358 records (134218723 -> 51955383 bytes, 2.6x compression)
[2m2026-09-15T16:48:40.058182Z[0m [32m INFO[0m [2mkafka_backup_core::segment::writer[0m[2m:[0m Wrote segment device-telemetry/topics/device-telemetry/partition=5/segment-00000000000008844637.bin.zst with 64359 records (134219766 -> 51956935 bytes, 2.6x compression)
[2m2026-09-15T16:48:40.058499Z[0m [32m INFO[0m [2mkafka_backup_core::segment::writer[0m[2m:[0m Wrote segment device-telemetry/topics/device-telemetry/partition=0/segment-00000000000008780303.bin.zst with 64358 records (134218563 -> 51959609 bytes, 2.6x compression)
[2m2026-09-15T16:48:40.058737Z[0m [32m INFO[0m [2mkafka_backup_core::segment::writer[0m[2m:[0m Wrote segment device-telemetry/topics/device-telemetry/partition=2/segment-00000000000008780522.bin.zst with 64359 records (134218505 -> 51958200 bytes, 2.6x compression)
[2m2026-09-15T16:48:40.059464Z[0m [32m INFO[0m [2mkafka_backup_core::segment::writer[0m[2m:[0m Wrote segment device-telemetry/topics/device-telemetry/partition=4/segment-00000000000008844719.bin.zst with 64359 records (134218988 -> 51955453 bytes, 2.6x compression)
[2m2026-09-15T16:48:40.059736Z[0m [32m INFO[0m [2mkafka_backup_core::segment::writer[0m[2m:[0m Wrote segment device-telemetry/topics/device-telemetry/partition=3/segment-00000000000008844269.bin.zst with 64356 records (134218910 -> 51953892 bytes, 2.6x compression)
[2m2026-09-15T16:48:40.378983Z[0m [32m INFO[0m [2mkafka_backup_core::segment::writer[0m[2m:[0m Wrote segment device-telemetry/topics/device-telemetry/partition=1/segment-00000000000008908805.bin.zst with 39044 records (81428176 -> 31521780 bytes, 2.6x compression)
[2m2026-09-15T16:48:40.379092Z[0m [32m INFO[0m [2mkafka_backup_core::backup::engine[0m[2m:[0m Completed snapshot backup of device-telemetry:1 - 139 segments (reached target offset 8947849)
[2m2026-09-15T16:48:40.379166Z[0m [32m INFO[0m [2mkafka_backup_core::segment::writer[0m[2m:[0m Wrote segment device-telemetry/topics/device-telemetry/partition=3/segment-00000000000008908625.bin.zst with 39223 records (81802450 -> 31667262 bytes, 2.6x compression)
[2m2026-09-15T16:48:40.379231Z[0m [32m INFO[0m [2mkafka_backup_core::backup::engine[0m[2m:[0m Completed snapshot backup of device-telemetry:3 - 139 segments (reached target offset 8947848)
[2m2026-09-15T16:48:40.379269Z[0m [32m INFO[0m [2mkafka_backup_core::segment::writer[0m[2m:[0m Wrote segment device-telemetry/topics/device-telemetry/partition=5/segment-00000000000008908996.bin.zst with 38852 records (81026487 -> 31364193 bytes, 2.6x compression)
[2m2026-09-15T16:48:40.379269Z[0m [32m INFO[0m [2mkafka_backup_core::segment::writer[0m[2m:[0m Wrote segment device-telemetry/topics/device-telemetry/partition=4/segment-00000000000008909078.bin.zst with 38770 records (80854241 -> 31298037 bytes, 2.6x compression)
[2m2026-09-15T16:48:40.379365Z[0m [32m INFO[0m [2mkafka_backup_core::backup::engine[0m[2m:[0m Completed snapshot backup of device-telemetry:5 - 139 segments (reached target offset 8947848)
[2m2026-09-15T16:48:40.379447Z[0m [32m INFO[0m [2mkafka_backup_core::backup::engine[0m[2m:[0m Completed snapshot backup of device-telemetry:4 - 139 segments (reached target offset 8947848)
[2m2026-09-15T16:48:40.532629Z[0m [32m INFO[0m [2mkafka_backup_core::segment::writer[0m[2m:[0m Wrote segment device-telemetry/topics/device-telemetry/partition=0/segment-00000000000008844661.bin.zst with 64357 records (134217948 -> 51954119 bytes, 2.6x compression)
[2m2026-09-15T16:48:40.561172Z[0m [32m INFO[0m [2mkafka_backup_core::segment::writer[0m[2m:[0m Wrote segment device-telemetry/topics/device-telemetry/partition=2/segment-00000000000008844881.bin.zst with 64359 records (134219349 -> 51960661 bytes, 2.6x compression)
[2m2026-09-15T16:48:40.811641Z[0m [32m INFO[0m [2mkafka_backup_core::segment::writer[0m[2m:[0m Wrote segment device-telemetry/topics/device-telemetry/partition=0/segment-00000000000008909018.bin.zst with 38831 records (80980880 -> 31347533 bytes, 2.6x compression)
[2m2026-09-15T16:48:40.811731Z[0m [32m INFO[0m [2mkafka_backup_core::backup::engine[0m[2m:[0m Completed snapshot backup of device-telemetry:0 - 139 segments (reached target offset 8947849)
[2m2026-09-15T16:48:40.838449Z[0m [32m INFO[0m [2mkafka_backup_core::segment::writer[0m[2m:[0m Wrote segment device-telemetry/topics/device-telemetry/partition=2/segment-00000000000008909240.bin.zst with 38609 records (80516381 -> 31169665 bytes, 2.6x compression)
[2m2026-09-15T16:48:40.838529Z[0m [32m INFO[0m [2mkafka_backup_core::backup::engine[0m[2m:[0m Completed snapshot backup of device-telemetry:2 - 139 segments (reached target offset 8947849)
[2m2026-09-15T16:48:40.844626Z[0m [32m INFO[0m [2mkafka_backup_core::offset_store::sqlite[0m[2m:[0m Synced offset database to storage: device-telemetry/offsets.db
[2m2026-09-15T16:48:40.860435Z[0m [32m INFO[0m [2mkafka_backup_core::backup::engine[0m[2m:[0m Consumer groups snapshot saved (1 groups) to device-telemetry/consumer-groups-snapshot.json
[2m2026-09-15T16:48:40.869252Z[0m [32m INFO[0m [2mkafka_backup_core::offset_store::sqlite[0m[2m:[0m Synced offset database to storage: device-telemetry/offsets.db
[2m2026-09-15T16:48:40.874088Z[0m [32m INFO[0m [2mkafka_backup_core::backup::engine[0m[2m:[0m === Performance Metrics ===
Duration: 71.66s
Records processed: 53687091
Records/sec: 749205
Bytes written: 41261 MB
Throughput: 575.80 MB/s
Compression ratio: 2.58x
Segments written: 834
Errors: 0

Checkpoint latency (ms):
  avg=4.38 p50=4.38 p95=4.38 p99=4.38 max=4.38
Segment write latency (ms):
  avg=506.72 p50=499.03 p95=565.11 p99=619.50 max=678.83

[2m2026-09-15T16:48:40.874171Z[0m [32m INFO[0m [2mkafka_backup_core::backup::engine[0m[2m:[0m Snapshot backup completed successfully - all partitions reached their target offsets
[2m2026-09-15T16:48:40.874203Z[0m [32m INFO[0m [2mkafka_backup_core::metrics::server[0m[2m:[0m Metrics server shutting down
[2m2026-09-15T16:48:40.874301Z[0m [32m INFO[0m [2mkafka_backup::commands::backup[0m[2m:[0m Backup completed successfully
